name,team,targeted_productivity,smv,wip,over_time,incentive,idle_time,idle_men,no_of_style_change,no_of_workers,month,quarter_Quarter1,quarter_Quarter2,quarter_Quarter3,quarter_Quarter4,quarter_Quarter5,department_approval,department_development,department_documentation,day_Monday,day_Saturday,day_Sunday,day_Thursday,day_Tuesday,day_Wednesday,actual_productivity
Angela Reyes,9,0.75,3.94,,960,0,0.0,0,0,8.0,2,1,0,0,0,0,1,0,0,0,0,0,0,0,1,0.755166667
Brandon Harris,7,0.65,30.1,909.0,7080,0,0.0,0,1,59.0,2,0,1,0,0,0,0,0,1,0,0,0,1,0,0,0.5356779660000001
Jasmine Morrison,3,0.8,4.15,,1440,0,0.0,0,0,7.0,1,0,1,0,0,0,0,1,0,0,0,0,0,0,1,0.8208333329999999
Thomas Hoffman,1,0.65,22.53,762.0,5040,0,0.0,0,1,42.0,2,0,0,0,1,0,0,0,1,0,0,0,0,0,1,0.581130952
Robert Nixon,4,0.7,30.1,767.0,3300,50,0.0,0,1,57.0,2,0,1,0,0,0,0,0,1,1,0,0,0,0,0,0.7900032359999999
Gregory Lewis,3,0.75,4.15,,1920,0,0.0,0,0,8.0,1,1,0,0,0,0,0,1,0,1,0,0,0,0,0,0.875390625
Christopher Perry,3,0.8,19.87,924.0,9900,50,0.0,0,0,55.0,1,1,0,0,0,0,0,0,1,0,0,0,0,0,1,0.8002738290000001
Alyssa Palmer,6,0.7,2.9,,960,0,0.0,0,0,8.0,2,1,0,0,0,0,1,0,0,0,0,0,1,0,0,0.9425
Beverly Rangel,9,0.8,22.52,1086.0,6960,50,0.0,0,0,58.0,2,1,0,0,0,0,0,0,1,0,0,0,0,0,1,0.7999632179999999
Mary Mcdonald,12,0.8,15.26,900.0,4080,50,0.0,0,0,34.0,2,0,1,0,0,0,0,0,1,0,0,0,0,1,0,0.8004019609999999
Anna Cox,3,0.8,4.6,,6300,0,0.0,0,0,15.0,2,0,0,0,1,0,1,0,0,0,1,0,0,0,0,0.921703704
Lisa Malone,8,0.75,29.4,534.0,6840,56,0.0,0,0,57.0,3,1,0,0,0,0,0,0,1,0,0,0,0,1,0,0.750473684
Ronald Reeves,7,0.35,22.94,1450.0,10080,30,0.0,0,0,56.0,1,0,0,1,0,0,0,0,1,0,0,0,0,1,0,0.400332792
Tammy Robertson,12,0.8,15.26,854.0,4080,50,0.0,0,0,34.0,2,0,1,0,0,0,0,0,1,0,0,0,0,0,1,0.8004019609999999
James Meyer,9,0.8,29.12,1069.0,6960,50,0.0,0,0,58.0,2,1,0,0,0,0,0,0,1,0,0,0,1,0,0,0.7999632179999999
Dana Woods,8,0.8,2.9,,4800,0,0.0,0,0,8.0,1,0,0,0,1,0,0,1,0,0,0,0,1,0,0,0.397743056
James Garcia,12,0.8,15.26,1021.0,4080,63,0.0,0,0,34.0,2,1,0,0,0,0,0,0,1,0,1,0,0,0,0,0.8004019609999999
Terry Martin,8,0.8,2.9,,1440,0,0.0,0,0,8.0,1,1,0,0,0,0,0,1,0,0,0,0,0,1,0,0.681060606
Mr. Timothy Johnson,4,0.7,30.1,667.0,5940,40,0.0,0,1,59.5,2,0,1,0,0,0,0,0,1,0,0,0,0,0,1,0.7005884059999999
Timothy Park,2,0.65,16.1,626.0,4200,0,0.0,0,1,45.0,3,1,0,0,0,0,0,0,1,0,1,0,0,0,0,0.65024031
Darrell Johnson,11,0.8,11.41,968.0,3660,50,0.0,0,0,30.5,1,1,0,0,0,0,0,0,1,0,0,0,1,0,0,0.8005704920000001
Lori Stephens,7,0.7,4.15,,1800,0,0.0,0,0,15.0,2,0,0,1,0,0,1,0,0,1,0,0,0,0,0,0.258
Charles Smith,4,0.8,22.52,1472.0,7020,60,0.0,0,0,58.5,2,1,0,0,0,0,0,0,1,0,0,1,0,0,0,0.85011396
Jennifer Harris,5,0.7,4.15,,1440,0,0.0,0,0,8.0,1,0,0,1,0,0,0,1,0,0,0,0,0,1,0,1.033570076
Megan Cooper,6,0.8,11.61,1009.0,5640,63,0.0,0,0,32.0,1,0,0,0,1,0,0,0,1,0,1,0,0,0,0,0.800537143
John Wu,1,0.8,22.52,1498.0,0,113,0.0,0,0,57.0,2,0,1,0,0,0,0,0,1,0,0,0,0,0,1,1.000065789
Kelly Duarte,8,0.8,2.9,,1440,0,0.0,0,0,8.0,1,0,0,1,0,0,0,1,0,0,0,0,1,0,0,0.606912879
Matthew Murphy,3,0.8,29.4,983.0,6840,63,0.0,0,1,57.0,3,1,0,0,0,0,0,0,1,0,1,0,0,0,0,0.800578947
Cheyenne Monroe,10,0.8,22.52,1282.0,6720,75,0.0,0,0,56.0,2,1,0,0,0,0,0,0,1,0,0,1,0,0,0,0.850532143
Dennis Huber,6,0.8,11.61,972.0,5670,38,0.0,0,0,31.5,1,0,1,0,0,0,0,0,1,0,0,0,0,0,1,0.8002467529999999
Amanda Brandt,10,0.7,2.9,,1800,0,0.0,0,0,15.0,2,0,0,0,1,0,1,0,0,0,0,0,0,1,0,0.902222222
Daniel Barker,12,0.8,26.87,585.0,5670,56,0.0,0,0,31.5,1,0,0,1,0,0,0,0,1,0,0,1,0,0,0,0.662255892
Dr. Eric Torres,10,0.75,28.08,1209.0,10530,45,0.0,0,0,58.5,1,1,0,0,0,0,0,0,1,0,0,0,0,1,0,0.750545455
Amy Wells,6,0.8,11.61,712.0,7200,50,0.0,0,0,32.0,1,1,0,0,0,0,0,0,1,1,0,0,0,0,0,0.8002460109999999
Connie Cook DDS,3,0.5,5.13,,1800,0,0.0,0,0,15.0,2,0,0,1,0,0,1,0,0,0,0,0,0,1,0,0.7866
Karen Dawson,10,0.7,21.25,1834.0,6360,0,0.0,0,1,53.0,2,0,0,0,1,0,0,0,1,0,0,0,0,1,0,0.471108491
Barbara Rose,7,0.65,30.48,935.0,6840,26,0.0,0,1,57.0,3,0,1,0,0,0,0,0,1,0,0,0,0,0,1,0.650596491
Larry Becker,9,0.8,26.16,1128.0,10620,63,0.0,0,0,59.0,1,0,0,1,0,0,0,0,1,0,1,0,0,0,0,0.8001171029999999
Tiffany Price,10,0.8,3.94,,1440,0,0.0,0,0,8.0,1,0,1,0,0,0,0,1,0,0,1,0,0,0,0,0.846950758
Tom Rodriguez,7,0.7,5.13,,960,0,0.0,0,0,8.0,2,0,0,1,0,0,1,0,0,0,0,0,0,0,1,0.671875
William Brown,3,0.8,29.4,1231.0,4680,50,0.0,0,0,57.0,3,1,0,0,0,0,0,0,1,1,0,0,0,0,0,0.800149813
Ryan Brown,9,0.75,2.9,,960,0,0.0,0,0,8.0,2,0,0,0,1,0,1,0,0,0,0,0,1,0,0,0.4078125
Amy Parker,1,0.8,3.94,,1440,0,0.0,0,0,12.0,2,0,1,0,0,0,1,0,0,0,0,0,1,0,0,0.664875
Jessica Mitchell,2,0.75,22.52,1635.0,6840,119,0.0,0,0,57.0,1,0,0,0,1,0,0,0,1,0,0,0,0,1,0,1.000230409
Peggy Nelson,6,0.8,2.9,,960,0,0.0,0,0,8.0,2,0,1,0,0,0,1,0,0,0,1,0,0,0,0,0.483333333
Amanda Stevens,9,0.8,3.94,,1440,0,0.0,0,0,8.0,1,0,1,0,0,0,0,1,0,1,0,0,0,0,0,0.8581439390000001
Brian Cook,12,0.8,11.61,1039.0,5670,63,0.0,0,0,31.5,1,0,0,1,0,0,0,0,1,0,1,0,0,0,0,0.8002467529999999
James Bell,12,0.8,4.6,,0,1080,0.0,0,0,9.0,3,0,1,0,0,0,1,0,0,1,0,0,0,0,0,0.902962963
Anthony Russell,1,0.75,3.94,,960,0,0.0,0,0,8.0,1,1,0,0,0,0,0,1,0,0,0,0,1,0,0,0.8865
Malik Hutchinson,2,0.8,3.94,,960,0,0.0,0,0,8.0,2,0,0,1,0,0,1,0,0,0,0,1,0,0,0,1.108125
Joseph Lawrence,11,0.5,20.1,1413.0,5880,46,0.0,0,0,54.0,1,0,0,0,1,0,0,0,1,0,0,0,0,0,1,0.5005673079999999
Jessica Marshall,4,0.75,3.94,,1920,0,0.0,0,0,8.0,3,0,1,0,0,0,1,0,0,0,0,0,0,0,1,0.8133090279999999
John Daniel,8,0.7,29.4,847.0,6960,30,0.0,0,1,58.0,2,0,0,0,1,0,0,0,1,0,0,0,0,0,1,0.7003620690000001
Caleb Ramirez,3,0.8,4.15,,1620,0,0.0,0,0,9.0,1,0,1,0,0,0,0,1,0,0,0,0,0,1,0,0.901262626
Michael Hess,6,0.7,2.9,,960,0,0.0,0,0,8.0,2,1,0,0,0,0,1,0,0,0,0,0,0,0,1,0.531666667
James Leach,6,0.8,2.9,,1440,0,0.0,0,0,8.0,1,0,1,0,0,0,0,1,0,1,0,0,0,0,0,0.8174242420000001
Brian Parker,4,0.75,30.1,849.0,7020,45,0.0,0,1,58.0,2,0,0,1,0,0,0,0,1,0,0,0,0,1,0,0.750356125
Gregory Sullivan,9,0.75,2.9,,1800,0,0.0,0,0,15.0,3,0,1,0,0,0,1,0,0,0,0,0,0,1,0,0.821666667
Dalton Brown,8,0.8,25.9,1292.0,10170,50,0.0,0,0,56.5,1,0,0,1,0,0,0,0,1,0,1,0,0,0,0,0.800128721
Kevin Wilson,5,0.7,27.48,230.0,6960,40,0.0,0,0,58.0,3,1,0,0,0,0,0,0,1,0,0,0,1,0,0,0.7004241379999999
Amanda Cox,6,0.8,11.41,986.0,5490,50,0.0,0,0,30.5,1,1,0,0,0,0,0,0,1,0,0,0,0,0,1,0.8003437659999999
Jennifer Romero,5,0.7,4.15,,9000,0,0.0,0,0,15.0,1,0,0,0,1,0,0,1,0,0,0,0,1,0,0,0.742901235
Amber Vaughn,9,0.7,29.12,1143.0,10440,40,0.0,0,0,58.0,1,0,0,0,1,0,0,0,1,1,0,0,0,0,0,0.70061442
Gabriel Hamilton,1,0.8,26.16,1179.0,10620,75,0.0,0,0,59.0,1,1,0,0,0,0,0,0,1,0,0,0,0,0,1,0.850502311
Olivia Johnson,9,0.7,29.12,1294.0,6960,50,0.0,0,0,58.0,1,0,0,0,1,0,0,0,1,0,0,0,0,1,0,0.700386207
Lori Mullins,7,0.8,25.9,1066.0,10170,50,0.0,0,0,56.5,1,1,0,0,0,0,0,0,1,0,0,0,0,0,1,0.800128721
Eric Ware Jr.,2,0.8,22.52,1413.0,360,70,0.0,0,0,57.0,2,0,1,0,0,0,0,0,1,1,0,0,0,0,0,0.900477825
Tina Burns,11,0.8,2.9,,960,0,0.0,0,0,8.0,3,1,0,0,0,0,1,0,0,0,1,0,0,0,0,0.657083333
Richard Sampson,7,0.8,25.9,1031.0,10170,60,0.0,0,0,56.5,1,0,1,0,0,0,0,0,1,1,0,0,0,0,0,0.850136766
William Cortez,4,0.75,26.82,1054.0,7080,45,0.0,0,0,59.0,3,0,1,0,0,0,0,0,1,0,0,0,0,0,1,0.750050847
William Kelly,7,0.8,25.9,1281.0,10170,60,0.0,0,0,56.5,1,0,0,1,0,0,0,0,1,0,0,0,1,0,0,0.850136766
Deanna Bishop,7,0.7,4.15,,1800,0,0.0,0,0,15.0,2,0,1,0,0,0,1,0,0,0,1,0,0,0,0,0.929277778
Ruben Martinez MD,9,0.7,18.79,1641.0,6000,40,0.0,0,1,50.0,2,0,0,0,1,0,0,0,1,1,0,0,0,0,0,0.60128
Erica Hughes,7,0.6,3.94,,960,0,0.0,0,0,8.0,1,0,0,0,1,0,0,1,0,0,0,0,0,0,1,0.406354167
Rachel Horton,1,0.8,3.94,,1440,0,0.0,0,0,12.0,2,0,1,0,0,0,1,0,0,0,0,0,0,0,1,0.618361111
Richard Choi,8,0.8,26.16,1261.0,7080,50,0.0,0,0,59.0,1,1,0,0,0,0,0,0,1,0,1,0,0,0,0,0.8003186440000001
Amanda Reese,9,0.75,18.79,1226.0,3480,45,0.0,0,0,51.0,3,1,0,0,0,0,0,0,1,0,1,0,0,0,0,0.749987124
William Williams,11,0.8,3.94,,2400,0,0.0,0,0,10.0,1,1,0,0,0,0,0,1,0,1,0,0,0,0,0,0.939513889
Christopher Cox,3,0.8,22.52,1350.0,6840,113,0.0,0,0,57.0,1,0,0,0,1,0,0,0,1,0,0,0,0,0,1,1.000230409
Ronald Reed,3,0.6,22.52,1140.0,10170,30,0.0,0,0,56.5,1,0,0,1,0,0,0,0,1,0,1,0,0,0,0,0.600291767
Adam Stark,2,0.7,3.9,,960,0,0.0,0,0,8.0,2,0,0,0,1,0,1,0,0,0,0,0,0,0,1,0.440375
Rachel Elliott,12,0.8,15.26,1062.0,4080,50,0.0,0,0,34.0,2,0,0,0,1,0,0,0,1,0,0,0,0,1,0,0.8004019609999999
Steven Evans,3,0.5,30.1,1261.0,6960,30,0.0,0,1,58.0,2,0,1,0,0,0,0,0,1,0,1,0,0,0,0,0.500801724
David Stevenson,4,0.7,26.82,1195.0,6960,60,0.0,0,0,58.0,3,1,0,0,0,0,0,0,1,0,1,0,0,0,0,0.800746552
Jonathan Mccoy,1,0.7,3.94,,960,0,0.0,0,0,8.0,3,1,0,0,0,0,1,0,0,0,0,0,1,0,0,0.812625
Levi Dalton,11,0.8,2.9,,960,0,0.0,0,0,8.0,3,0,1,0,0,0,1,0,0,0,0,1,0,0,0,0.755208333
Dustin Stevenson,12,0.8,11.61,1216.0,6975,50,0.0,0,0,31.0,1,1,0,0,0,0,0,0,1,0,0,1,0,0,0,0.800030199
Robert Miller,1,0.8,22.52,1546.0,0,88,0.0,0,0,57.0,2,0,1,0,0,0,0,0,1,0,0,0,0,1,0,0.90047076
Kathryn Burns,2,0.75,3.94,,960,0,0.0,0,0,8.0,1,1,0,0,0,0,0,1,0,0,0,0,1,0,0,0.755166667
Mr. John Simpson,12,0.8,15.26,970.0,4080,63,0.0,0,0,34.0,2,0,1,0,0,0,0,0,1,1,0,0,0,0,0,0.8004019609999999
Luis Thornton,6,0.7,2.9,,960,0,0.0,0,0,8.0,2,1,0,0,0,0,0,1,0,0,0,0,0,1,0,0.495416667
Lauren Sims,1,0.65,3.94,,2400,0,0.0,0,0,8.0,1,0,0,1,0,0,0,1,0,0,0,0,0,0,1,0.505128205
Daniel Simmons,6,0.75,18.79,759.0,3960,34,0.0,0,0,33.0,2,0,0,1,0,0,0,0,1,0,0,0,0,0,1,0.75065101
Thomas Logan,3,0.7,22.52,1095.0,10170,50,0.0,0,0,56.5,1,0,0,1,0,0,0,0,1,1,0,0,0,0,0,0.750062751
Ian Johnson,11,0.75,11.61,698.0,3360,34,0.0,0,2,57.0,2,0,0,0,1,0,0,0,1,0,0,0,0,1,0,0.7504372690000001
William Simmons,4,0.8,3.94,,4440,0,0.0,0,0,18.0,1,1,0,0,0,0,0,1,0,0,0,0,0,1,0,0.966781346
Edward Jones,10,0.75,21.82,1499.0,6000,34,0.0,0,0,50.0,3,0,1,0,0,0,0,0,1,0,0,0,0,1,0,0.7506079999999999
Daniel Rivera,12,0.75,4.08,,1080,0,0.0,0,0,9.0,1,0,0,0,1,0,0,1,0,0,0,0,0,0,1,0.7555555559999999
Erica Pierce,2,0.6,15.28,529.0,1320,0,0.0,0,1,46.0,3,1,0,0,0,0,0,0,1,0,0,0,1,0,0,0.600099145
Alyssa Hurley,9,0.8,3.94,,960,0,0.0,0,0,8.0,2,0,1,0,0,0,1,0,0,0,0,1,0,0,0,0.6074166670000001
Dennis Martin,1,0.8,3.94,,960,0,0.0,0,0,8.0,1,1,0,0,0,0,0,1,0,0,0,1,0,0,0,0.915229167
Casey Page,3,0.75,3.94,,1440,0,0.0,0,0,12.0,1,0,0,0,1,0,0,1,0,0,0,0,0,1,0,0.861875
Faith Ballard,8,0.8,2.9,,1440,0,0.0,0,0,8.0,1,0,1,0,0,0,0,1,0,0,0,0,1,0,0,0.735984848
Todd Bryant,2,0.7,30.33,361.0,3960,30,0.0,0,1,58.0,2,0,0,0,1,0,0,0,1,0,0,0,0,0,1,0.700069811
John Clark,2,0.8,3.94,,2160,0,0.0,0,0,18.0,2,0,1,0,0,0,1,0,0,0,0,1,0,0,0,0.8755555559999999
Ronald Boyle,6,0.75,18.79,913.0,3360,45,0.0,0,0,33.0,2,0,0,0,1,0,0,0,1,0,0,0,0,1,0,0.75065101
George Alvarez,12,0.8,11.41,968.0,3660,50,0.0,0,0,30.5,1,1,0,0,0,0,0,0,1,0,0,0,1,0,0,0.8005704920000001
Jonathan Hanson,3,0.8,22.52,21266.0,6840,70,0.0,0,0,57.0,2,1,0,0,0,0,0,0,1,1,0,0,0,0,0,0.90014152
Jeffrey Johnson,6,0.5,2.9,,1200,0,0.0,0,0,10.0,1,0,0,0,0,1,0,1,0,0,0,0,1,0,0,0.899
Holly Rodriguez,12,0.7,15.26,1337.0,6120,40,0.0,0,0,34.0,1,0,0,0,1,0,0,0,1,1,0,0,0,0,0,0.70043672
Stephanie Chen,5,0.75,20.4,1118.0,10320,56,0.0,0,0,58.0,1,0,0,0,1,0,0,0,1,1,0,0,0,0,0,0.750031447
Chad Baker DDS,12,0.8,11.61,1120.0,5670,50,0.0,0,0,31.5,1,1,0,0,0,0,0,0,1,0,0,0,0,0,1,0.8002467529999999
Tina Henderson,11,0.8,11.61,816.0,2820,50,0.0,0,2,57.0,2,0,0,0,1,0,0,0,1,0,0,0,1,0,0,0.800516667
William Miller,11,0.8,2.9,,960,0,0.0,0,0,8.0,3,0,1,0,0,0,1,0,0,0,0,0,0,1,0,0.758229167
Raymond Reese,8,0.7,29.12,1248.0,6840,0,0.0,0,0,57.0,2,1,0,0,0,0,0,0,1,0,0,0,0,0,1,0.700135088
Seth Davis DDS,3,0.8,4.6,,10500,0,0.0,0,0,25.0,3,1,0,0,0,0,1,0,0,0,0,1,0,0,0,0.936355556
Linda Reynolds,2,0.8,3.94,,2160,0,0.0,0,0,18.0,2,0,1,0,0,0,1,0,0,0,0,0,0,1,0,0.966759259
Jessica Butler,2,0.8,3.94,,1200,0,0.0,0,0,10.0,2,1,0,0,0,0,0,1,0,0,0,1,0,0,0,0.912766667
Julian Elliott,8,0.8,25.9,1039.0,6780,45,0.0,0,0,56.5,1,1,0,0,0,0,0,0,1,0,0,1,0,0,0,0.8503451329999999
Gabriel Chavez,3,0.8,4.6,,10080,0,0.0,0,0,24.0,3,1,0,0,0,0,1,0,0,1,0,0,0,0,0,0.86037037
Helen Davis,10,0.7,21.82,1653.0,6240,0,0.0,0,2,52.0,2,0,0,0,1,0,0,0,1,0,0,0,0,0,1,0.700058333
Melissa Andrews,11,0.7,11.41,1054.0,3420,30,0.0,0,2,56.0,2,0,0,1,0,0,0,0,1,0,0,0,0,1,0,0.700614035
Spencer Bolton,12,0.8,4.08,,1080,0,0.0,0,0,9.0,2,1,0,0,0,0,1,0,0,0,0,0,1,0,0,0.906666667
Susan Harvey,3,0.8,4.6,,1920,0,0.0,0,0,8.0,3,0,1,0,0,0,1,0,0,0,0,0,0,0,1,0.786631944
Lisa Carney,12,0.8,4.08,,1080,0,0.0,0,0,9.0,2,1,0,0,0,0,0,1,0,0,0,0,0,1,0,0.778222222
Mrs. Shannon Moore,11,0.65,20.1,1417.0,6480,49,0.0,0,0,54.0,1,0,0,0,0,1,0,0,1,0,1,0,0,0,0,0.650148148
Christine Reese,1,0.5,26.66,1448.0,6840,30,0.0,0,2,57.0,2,0,0,0,1,0,0,0,1,0,1,0,0,0,0,0.5503497079999999
Whitney Lang,5,0.7,45.67,884.0,6960,26,0.0,0,0,58.0,1,1,0,0,0,0,0,0,1,0,0,1,0,0,0,0.603432184
Andrew Gilbert,7,0.07,24.26,1608.0,6960,0,0.0,0,0,58.0,2,1,0,0,0,0,0,0,1,0,0,0,1,0,0,0.522844828
Elizabeth Schmidt,12,0.8,5.13,,2160,0,0.0,0,0,9.0,2,0,0,1,0,0,1,0,0,0,0,0,1,0,0,0.609583333
Amy Aguilar,11,0.7,20.1,1192.0,6120,75,0.0,0,0,54.0,2,1,0,0,0,0,0,0,1,0,0,1,0,0,0,0.7005089290000001
Amber Garcia,10,0.8,3.94,,1200,0,0.0,0,0,10.0,1,0,0,0,0,1,0,1,0,0,1,0,0,0,0,0.971866667
William Daugherty,7,0.5,4.15,,960,0,0.0,0,0,8.0,1,0,0,0,1,0,0,1,0,0,0,0,0,1,0,0.8035416670000001
Ryan Lopez,8,0.8,25.9,1218.0,10170,60,0.0,0,0,56.5,1,0,1,0,0,0,0,0,1,0,0,0,0,0,1,0.850136766
Samantha Chapman,6,0.65,23.41,1262.0,4560,35,0.0,0,1,38.0,3,0,1,0,0,0,0,0,1,1,0,0,0,0,0,0.650962281
Richard Hall,4,0.75,30.1,919.0,7140,0,0.0,0,1,59.5,2,0,0,1,0,0,0,0,1,0,0,1,0,0,0,0.598627451
Sabrina Johnson,4,0.7,26.82,1028.0,6960,60,0.0,0,0,58.0,3,1,0,0,0,0,0,0,1,0,0,0,0,0,1,0.799975862
Susan Pierce,12,0.8,11.61,893.0,4710,50,0.0,0,0,31.5,1,0,1,0,0,0,0,0,1,0,1,0,0,0,0,0.800346445
Dustin Clarke,11,0.5,14.89,917.0,9900,30,0.0,0,0,55.0,1,0,0,1,0,0,0,0,1,0,0,0,1,0,0,0.500025069
Raymond Taylor MD,11,0.6,2.9,,2880,0,0.0,0,0,12.0,2,0,0,0,1,0,1,0,0,0,0,1,0,0,0,0.805555556
Dr. Dominique Rodriguez,8,0.75,4.6,,3360,0,0.0,0,0,8.0,2,0,0,0,1,0,1,0,0,0,1,0,0,0,0,0.376597222
Yesenia Gonzalez,6,0.75,2.9,,1800,0,0.0,0,0,15.0,2,0,0,0,1,0,1,0,0,0,0,0,0,1,0,0.726933333
Megan Johnson,7,0.35,30.1,842.0,6960,0,0.0,0,1,58.0,2,0,1,0,0,0,0,0,1,1,0,0,0,0,0,0.350301724
Jessica Reyes,4,0.75,22.52,825.0,10080,94,0.0,0,0,56.0,1,0,0,1,0,0,0,0,1,0,0,0,0,0,1,0.9005562770000001
Timothy Knight,2,0.75,3.94,,1200,0,0.0,0,0,10.0,1,0,0,0,1,0,0,1,0,0,0,0,0,1,0,0.7879999999999999
Sean Smith,7,0.7,5.13,,1200,0,0.0,0,0,10.0,2,0,0,1,0,0,1,0,0,0,0,0,0,1,0,0.91375
Marcus Robinson,9,0.75,18.79,1193.0,6240,45,0.0,0,0,52.0,3,0,1,0,0,0,0,0,1,1,0,0,0,0,0,0.750395513
Melinda Nelson,4,0.8,28.08,759.0,6900,50,0.0,0,0,57.5,1,1,0,0,0,0,0,0,1,1,0,0,0,0,0,0.800076522
Carrie Copeland,9,0.75,2.9,,960,0,0.0,0,0,8.0,3,1,0,0,0,0,1,0,0,0,0,1,0,0,0,0.4470833329999999
Priscilla Brown,5,0.65,30.1,326.0,5820,0,90.0,10,0,58.5,2,1,0,0,0,0,0,0,1,0,0,0,0,0,1,0.6508348079999999
Lisa Russell,9,0.7,29.12,1340.0,6960,63,0.0,0,0,58.0,1,0,0,0,1,0,0,0,1,0,0,0,0,0,1,0.7505931029999999
Charles Riddle,5,0.8,11.41,668.0,3660,50,0.0,0,0,30.5,1,1,0,0,0,0,0,0,1,0,0,0,1,0,0,0.7070459020000001
Anna Taylor,1,0.75,3.94,,1200,0,0.0,0,0,10.0,1,0,0,0,1,0,0,1,0,0,0,0,0,1,0,0.77815
Linda Sparks,7,0.6,3.94,,6000,0,0.0,0,0,10.0,1,0,0,0,1,0,0,1,0,0,0,0,1,0,0,0.957638889
Scott Coleman,10,0.7,2.9,,3360,0,0.0,0,0,8.0,2,0,0,0,1,0,1,0,0,0,1,0,0,0,0,0.4108333329999999
Margaret Davidson,2,0.75,19.87,733.0,6000,34,0.0,0,0,55.0,1,1,0,0,0,0,0,0,1,0,0,0,1,0,0,0.753097531
Renee Obrien,2,0.8,22.52,1452.0,6960,100,0.0,0,0,58.0,2,1,0,0,0,0,0,0,1,0,0,0,0,1,0,0.949981609
Paul Smith,5,0.8,30.1,15.0,1200,49,0.0,0,1,59.0,2,0,0,0,1,0,0,0,1,0,0,0,0,0,1,0.598792339
Ashley Hall,11,0.7,10.05,1042.0,6120,60,0.0,0,0,53.0,2,1,0,0,0,0,0,0,1,0,0,0,0,0,1,0.7002788459999999
Elizabeth Curtis,2,0.75,3.94,,1800,0,0.0,0,0,10.0,1,0,0,0,1,0,0,1,0,1,0,0,0,0,0,0.910378788
Alisha Norris,4,0.8,30.1,864.0,480,50,0.0,0,1,58.0,2,0,0,1,0,0,0,0,1,0,0,0,0,0,1,0.800980392
Jeremy Faulkner,8,0.8,4.6,,3600,0,0.0,0,0,15.0,3,1,0,0,0,0,1,0,0,0,1,0,0,0,0,0.5907407410000001
Danny Brown,10,0.8,3.94,,960,0,0.0,0,0,8.0,2,0,0,1,0,0,1,0,0,0,0,0,0,1,0,0.927541667
Kristen Harmon,8,0.8,2.9,,1440,0,0.0,0,0,8.0,1,0,1,0,0,0,0,1,0,0,0,0,0,1,0,0.681060606
Misty Tanner,12,0.8,15.26,1083.0,720,38,0.0,0,0,34.0,2,1,0,0,0,0,0,0,1,0,0,0,1,0,0,0.800612676
Devon Smith,11,0.65,4.15,,2160,0,0.0,0,0,12.0,1,0,0,1,0,0,0,1,0,0,0,1,0,0,0,0.8383838379999999
Amy Gray,12,0.8,15.26,986.0,4080,75,0.0,0,0,34.0,3,1,0,0,0,0,0,0,1,0,1,0,0,0,0,0.850520588
Brian Melendez,7,0.6,30.48,1017.0,6840,25,0.0,0,1,57.0,3,0,1,0,0,0,0,0,1,0,0,0,0,1,0,0.630402924
Matthew Gray,12,0.8,4.6,,3780,0,0.0,0,0,9.0,2,0,0,0,1,0,1,0,0,0,0,0,1,0,0,0.590617284
Sean Sanchez,4,0.7,30.1,419.0,7080,0,0.0,0,1,59.0,2,0,1,0,0,0,0,0,1,0,0,0,1,0,0,0.637711864
Jennifer Duncan,1,0.75,3.94,,2280,0,0.0,0,0,19.0,2,1,0,0,0,0,0,1,0,1,0,0,0,0,0,0.504596491
Jason Miller,9,0.8,3.94,,960,0,0.0,0,0,8.0,2,0,0,1,0,0,1,0,0,0,0,0,0,0,1,0.549791667
Kelly Reid,10,0.7,19.68,1410.0,5760,0,0.0,0,1,48.0,2,0,0,1,0,0,0,0,1,0,0,0,1,0,0,0.2494166669999999
Lindsey Haynes,3,0.35,30.1,770.0,6960,0,0.0,0,1,58.0,2,0,1,0,0,0,0,0,1,0,0,0,1,0,0,0.350301724
Micheal Taylor,8,0.8,25.9,1158.0,10170,60,0.0,0,0,56.5,1,0,1,0,0,0,0,0,1,0,1,0,0,0,0,0.850136766
Derek Haynes,2,0.6,30.33,868.0,6840,0,0.0,0,1,57.0,2,0,0,1,0,0,0,0,1,0,0,0,0,0,1,0.328131579
Joshua Dorsey,10,0.8,22.52,1388.0,6720,88,0.0,0,0,56.0,2,0,1,0,0,0,0,0,1,0,0,1,0,0,0,0.9008
Carolyn Griffin,10,0.75,3.94,,1800,0,0.0,0,0,10.0,1,0,0,0,1,0,0,1,0,0,1,0,0,0,0,0.937242424
Luis Day,9,0.75,2.9,,1080,0,0.0,0,0,9.0,3,0,1,0,0,0,1,0,0,0,0,1,0,0,0,0.929074074
Jodi Cummings,12,0.8,11.61,1216.0,4950,50,0.0,0,0,31.5,1,0,0,1,0,0,0,0,1,0,0,0,1,0,0,0.80003139
Hannah Patterson,8,0.65,29.4,962.0,4560,0,4.5,30,2,57.0,2,0,0,1,0,0,0,0,1,0,0,0,0,0,1,0.2513992539999999
Dawn Reyes,6,0.65,18.79,881.0,3960,26,0.0,0,0,33.0,2,1,0,0,0,0,0,0,1,0,0,1,0,0,0,0.651007071
Jacob Williams,9,0.8,26.16,1156.0,10620,75,0.0,0,0,59.0,1,0,1,0,0,0,0,0,1,0,0,0,0,1,0,0.850502311
Rebecca Cole,9,0.8,26.16,1095.0,10620,88,0.0,0,0,59.0,1,0,1,0,0,0,0,0,1,0,0,1,0,0,0,0.9002157159999999
Christina Skinner,5,0.8,30.1,679.0,7140,0,0.0,0,0,59.5,2,0,0,1,0,0,0,0,1,0,0,1,0,0,0,0.722568627
Jeffrey Vaughn,4,0.65,26.66,832.0,6780,55,0.0,0,0,57.0,3,1,0,0,0,0,0,0,1,1,0,0,0,0,0,0.750254867
William Gray,3,0.75,4.15,,2160,0,0.0,0,0,12.0,1,0,1,0,0,0,0,1,0,0,0,0,1,0,0,0.712626263
Sarah Rodriguez,6,0.75,18.79,1055.0,3960,45,0.0,0,0,33.0,2,0,0,0,1,0,0,0,1,0,0,1,0,0,0,0.75065101
Krista Dunn,9,0.75,18.79,935.0,6240,45,0.0,0,0,52.0,3,1,0,0,0,0,0,0,1,1,0,0,0,0,0,0.750395513
Amanda Martin,8,0.8,2.9,,1440,0,0.0,0,0,8.0,1,0,0,1,0,0,0,1,0,0,0,1,0,0,0,0.639867424
Ronald Cohen,3,0.8,19.87,1043.0,6420,0,0.0,0,0,55.0,1,0,1,0,0,0,0,0,1,0,0,1,0,0,0,0.690182815
Benjamin Adkins,8,0.75,2.9,,960,0,0.0,0,0,8.0,1,1,0,0,0,0,0,1,0,0,0,0,1,0,0,0.676666667
Kent Lawson,3,0.75,19.87,734.0,6600,45,0.0,0,0,55.0,1,1,0,0,0,0,0,0,1,0,0,1,0,0,0,0.75024303
Linda Torres,10,0.75,28.08,1066.0,10530,69,0.0,0,0,58.5,1,0,1,0,0,0,0,0,1,0,0,0,1,0,0,0.8
Kerry Alvarez,5,0.7,4.6,,960,0,0.0,0,0,8.0,3,1,0,0,0,0,1,0,0,0,0,0,0,0,1,0.5920833329999999
Juan Castro,4,0.8,22.52,1016.0,10170,60,0.0,0,0,56.5,1,0,0,0,1,0,0,0,1,1,0,0,0,0,0,0.850312684
Nicole Terrell,6,0.5,2.9,,960,0,0.0,0,0,8.0,3,1,0,0,0,0,1,0,0,0,1,0,0,0,0,0.7975
Jeffery Oneal,9,0.7,18.79,1603.0,6120,30,0.0,0,1,51.0,2,0,0,1,0,0,0,0,1,0,0,0,1,0,0,0.638614379
Colleen Lloyd,7,0.65,23.54,830.0,6600,0,0.0,0,0,55.0,1,0,0,0,0,1,0,0,1,0,0,0,1,0,0,0.4879199999999999
Renee Fox,1,0.75,3.94,,1200,0,0.0,0,0,10.0,1,0,0,0,1,0,0,1,0,0,0,0,0,0,1,0.9456
Pamela Blackburn,6,0.75,2.9,,3360,0,0.0,0,0,8.0,2,0,0,0,1,0,1,0,0,0,0,0,1,0,0,0.271875
Karen Perez,6,0.75,18.79,708.0,4080,0,0.0,0,0,34.0,2,0,1,0,0,0,0,0,1,1,0,0,0,0,0,0.612517157
Larry Wilson,6,0.8,2.9,,4800,0,0.0,0,0,8.0,1,0,0,0,1,0,0,1,0,0,0,0,1,0,0,0.626822917
Maria Ruiz,10,0.7,2.9,,3360,0,0.0,0,0,8.0,3,1,0,0,0,0,1,0,0,0,0,1,0,0,0,0.6645833329999999
Sandra Grimes,5,0.8,4.6,,1080,0,0.0,0,0,9.0,2,0,0,0,1,0,1,0,0,0,0,0,0,0,1,0.902962963
Ian Martin,3,0.75,22.52,1495.0,10350,55,0.0,0,0,57.5,1,0,0,0,1,0,0,0,1,0,0,1,0,0,0,0.800513307
Dustin Hurley,7,0.8,25.9,1126.0,10170,60,0.0,0,0,56.5,1,0,1,0,0,0,0,0,1,0,0,0,0,1,0,0.850136766
Douglas Zhang,6,0.8,11.61,539.0,6975,50,0.0,0,0,31.0,1,1,0,0,0,0,0,0,1,0,0,1,0,0,0,0.879714482
Julie Garcia,11,0.6,12.52,831.0,9540,30,0.0,0,0,53.0,1,0,1,0,0,0,0,0,1,0,0,1,0,0,0,0.6002298460000001
Denise Soto,5,0.7,30.1,754.0,7020,0,0.0,0,0,58.5,2,0,1,0,0,0,0,0,1,0,0,1,0,0,0,0.700618234
Christopher Gordon,8,0.75,4.6,,3360,0,0.0,0,0,8.0,3,1,0,0,0,0,1,0,0,1,0,0,0,0,0,0.773333333
Kimberly Berg,3,0.8,22.52,1136.0,6960,113,0.0,0,0,58.0,1,0,0,0,0,1,0,0,1,0,1,0,0,0,0,1.000457471
Melissa Garcia,7,0.7,30.1,562.0,840,30,0.0,0,1,59.0,2,0,0,1,0,0,0,0,1,0,0,0,0,1,0,0.700888203
Karen Parks,5,0.6,30.1,415.0,6960,0,0.0,0,0,58.0,2,1,0,0,0,0,0,0,1,0,0,0,0,1,0,0.415172414
Michelle Jensen,3,0.5,5.13,,960,0,0.0,0,0,8.0,2,0,0,1,0,0,1,0,0,0,0,0,0,0,1,0.2565
Megan Guzman,4,0.75,3.94,,960,0,0.0,0,0,8.0,3,0,1,0,0,0,1,0,0,0,0,1,0,0,0,0.890604167
Cindy Hubbard,11,0.8,2.9,,0,960,0.0,0,0,8.0,3,0,1,0,0,0,1,0,0,1,0,0,0,0,0,0.960625
Debra Hunt,12,0.8,11.61,760.0,4470,50,0.0,0,0,31.5,1,0,1,0,0,0,0,0,1,1,0,0,0,0,0,0.80007657
Cody Collier,11,0.8,4.15,,1980,0,0.0,0,0,7.0,1,0,1,0,0,0,0,1,0,0,0,0,0,0,1,0.934607438
Dwayne Roberts,12,0.8,15.26,983.0,4080,50,0.0,0,0,34.0,3,1,0,0,0,0,0,0,1,0,0,0,0,1,0,0.8004019609999999
Patricia Davis,7,0.75,30.1,444.0,0,0,5.0,20,1,59.0,2,0,0,1,0,0,0,0,1,0,0,0,1,0,0,0.611140537
Kevin Sherman,11,0.8,11.61,954.0,0,50,0.0,0,2,58.0,2,0,0,0,1,0,0,0,1,0,1,0,0,0,0,0.800779018
Jeffrey Brown,8,0.65,4.15,,960,0,0.0,0,0,8.0,2,1,0,0,0,0,0,1,0,1,0,0,0,0,0,0.5619791670000001
Paula Simpson,12,0.6,15.26,1492.0,6960,23,0.0,0,0,34.0,1,0,0,0,1,0,0,0,1,0,0,0,1,0,0,0.600436426
Lisa Morrison,6,0.8,11.41,843.0,5670,50,0.0,0,0,31.5,1,0,1,0,0,0,0,0,1,1,0,0,0,0,0,0.800181818
Terri Coleman,12,0.8,26.16,844.0,7080,63,0.0,0,0,59.0,1,1,0,0,0,0,0,0,1,0,1,0,0,0,0,0.8003186440000001
Laurie Collins,3,0.75,29.4,1283.0,6960,45,0.0,0,2,58.0,2,0,0,0,1,0,0,0,1,0,0,0,0,0,1,0.750206897
Tricia Green,12,0.7,4.08,,1620,0,0.0,0,0,9.0,1,0,0,0,1,0,0,1,0,0,0,1,0,0,0,0.6181818179999999
David Lin,9,0.7,28.08,872.0,6900,44,0.0,0,0,57.5,1,1,0,0,0,0,0,0,1,0,0,0,1,0,0,0.7211269570000001
Jared Walters,3,0.8,22.52,968.0,6840,113,0.0,0,0,57.0,2,1,0,0,0,0,0,0,1,0,0,0,0,0,1,1.000230409
Rhonda Anderson,1,0.7,3.94,,960,0,0.0,0,0,8.0,3,1,0,0,0,0,1,0,0,0,1,0,0,0,0,0.664875
Ryan Simmons,12,0.8,5.13,,1200,0,0.0,0,0,10.0,2,0,0,1,0,0,1,0,0,0,0,0,0,0,1,0.9918
Daniel Hooper,12,0.7,15.26,1296.0,6120,40,0.0,0,0,34.0,1,0,0,0,1,0,0,0,1,0,0,1,0,0,0,0.70043672
Kenneth Melton,2,0.8,28.08,749.0,10350,63,0.0,0,0,57.5,1,0,1,0,0,0,0,0,1,0,1,0,0,0,0,0.800594466
Abigail Miranda,8,0.75,29.4,551.0,6840,45,0.0,0,0,57.0,3,1,0,0,0,0,0,0,1,1,0,0,0,0,0,0.750473684
Claire Moss,5,0.8,30.1,511.0,0,0,0.0,0,0,59.0,2,0,0,1,0,0,0,0,1,0,0,0,0,0,1,0.800980392
Rachel Trujillo,2,0.8,3.94,,2400,0,0.0,0,0,20.0,2,1,0,0,0,0,0,1,0,0,0,0,0,1,0,1.001416667
Deanna Flores DVM,2,0.8,28.08,782.0,6660,50,0.0,0,0,55.5,1,1,0,0,0,0,0,0,1,0,0,1,0,0,0,0.8002378379999999
Samantha Becker,10,0.7,2.9,,3360,0,0.0,0,0,8.0,3,1,0,0,0,0,1,0,0,0,0,0,0,1,0,0.463194444
Erin Lopez,11,0.8,4.15,,1440,0,0.0,0,0,8.0,1,0,1,0,0,0,0,1,0,0,0,1,0,0,0,0.668087121
Michael Smith,8,0.8,2.9,,1440,0,0.0,0,0,8.0,1,1,0,0,0,0,0,1,0,0,0,0,0,0,1,0.681060606
Allison Conway,4,0.8,3.94,,4440,0,0.0,0,0,18.0,1,1,0,0,0,0,0,1,0,0,0,0,0,0,1,0.827186544
Eric Nunez,9,0.75,18.79,1020.0,5640,45,0.0,0,1,52.0,2,0,0,0,1,0,0,0,1,0,0,0,1,0,0,0.750371895
Jason Davis,12,0.8,11.61,1101.0,5310,50,0.0,0,0,31.5,1,1,0,0,0,0,0,0,1,0,0,0,0,1,0,0.8001409690000001
Breanna Parker,5,0.75,4.15,,1200,0,0.0,0,0,10.0,2,0,0,1,0,0,1,0,0,1,0,0,0,0,0,0.629416667
Jacob Brown,10,0.75,3.94,,1440,0,0.0,0,0,8.0,1,0,1,0,0,0,0,1,0,0,0,0,1,0,0,0.779791667
Catherine Watson,9,0.75,2.9,,960,0,0.0,0,0,8.0,3,1,0,0,0,0,1,0,0,0,0,0,0,0,1,0.83375
Linda Hall DDS,8,0.8,25.9,1211.0,10260,60,0.0,0,0,57.0,1,0,1,0,0,0,0,0,1,0,0,0,0,1,0,0.850252525
Drew Johnson,1,0.8,26.16,1189.0,10620,75,0.0,0,0,59.0,1,0,1,0,0,0,0,0,1,0,0,0,1,0,0,0.850502311
Nicole Martin,1,0.7,22.94,1682.0,10530,75,0.0,0,0,58.5,1,0,0,0,1,0,0,0,1,0,0,1,0,0,0,0.8009096090000001
Daniel Cisneros,9,0.5,18.79,1688.0,5280,0,0.0,0,1,54.0,2,0,0,1,0,0,0,0,1,0,0,1,0,0,0,0.2830544869999999
Joyce Harrison,3,0.7,22.52,1139.0,10260,63,0.0,0,0,57.0,1,0,0,1,0,0,0,0,1,0,0,0,0,0,1,0.750068049
Jordan Watson,9,0.75,29.12,1082.0,6840,81,0.0,0,0,57.0,1,0,0,0,0,1,0,0,1,0,1,0,0,0,0,0.850610526
Jason Gonzalez,2,0.8,22.52,1327.0,0,113,0.0,0,0,57.5,2,0,1,0,0,0,0,0,1,0,0,0,1,0,0,1.000344928
Lisa Rodriguez,5,0.5,30.1,839.0,6960,0,0.0,0,0,58.0,2,1,0,0,0,0,0,0,1,1,0,0,0,0,0,0.500801724
Sierra Sweeney,11,0.6,20.1,1601.0,4320,46,0.0,0,0,51.0,1,0,0,0,0,1,0,0,1,0,0,0,1,0,0,0.60059761
Jacqueline Byrd,9,0.8,26.16,1305.0,10620,75,0.0,0,0,59.0,1,1,0,0,0,0,0,0,1,0,0,0,0,1,0,0.850502311
Todd Sloan,4,0.7,4.15,,1800,0,0.0,0,0,15.0,2,0,1,0,0,0,1,0,0,0,0,0,0,0,1,1.033155556
Nicole Travis,10,0.8,3.94,,5400,0,0.0,0,0,20.0,1,0,1,0,0,0,0,1,0,0,0,0,0,1,0,0.912766667
Matthew Trevino,4,0.35,22.4,581.0,7350,0,0.0,0,0,51.5,1,0,1,0,0,0,0,0,1,1,0,0,0,0,0,0.35063299
Thomas Sullivan,9,0.7,2.9,,960,0,0.0,0,0,8.0,2,0,0,0,1,0,1,0,0,0,0,0,0,0,1,0.4108333329999999
Derrick Ford,10,0.7,2.9,,960,0,0.0,0,0,8.0,3,0,1,0,0,0,1,0,0,0,0,0,0,1,0,0.39875
Gina Golden,5,0.6,4.15,,1440,0,0.0,0,0,8.0,1,0,0,1,0,0,0,1,0,0,0,1,0,0,0,0.8527935609999999
Natalie Cameron,8,0.7,4.6,,960,0,0.0,0,0,8.0,2,0,0,0,1,0,1,0,0,0,0,0,0,0,1,0.658541667
Michael Mcmillan,10,0.7,2.9,,3360,0,0.0,0,0,8.0,2,0,0,0,1,0,1,0,0,0,0,0,1,0,0,0.4108333329999999
John Castro,2,0.7,3.94,,15000,0,0.0,0,0,25.0,1,0,0,0,1,0,0,1,0,0,0,0,1,0,0,0.649662222
Bryan Fisher,1,0.8,22.52,1420.0,6840,113,0.0,0,0,57.0,2,0,0,1,0,0,0,0,1,0,0,1,0,0,0,1.000230409
Savannah Pittman,9,0.7,28.08,1072.0,6900,40,0.0,0,0,57.5,1,1,0,0,0,0,0,0,1,0,1,0,0,0,0,0.699965217
Mark Bernard,3,0.8,22.52,1287.0,6840,100,0.0,0,0,57.0,1,0,0,0,0,1,0,0,1,0,0,0,1,0,0,0.950185965
Angela Long,2,0.8,3.94,,960,0,0.0,0,0,8.0,1,1,0,0,0,0,0,1,0,0,0,1,0,0,0,0.7921041670000001
Todd Mitchell,6,0.7,18.79,913.0,4020,30,0.0,0,0,33.5,2,1,0,0,0,0,0,0,1,0,0,0,0,1,0,0.700184577
Denise Pope,3,0.7,3.94,,12000,0,0.0,0,0,20.0,1,0,0,0,1,0,0,1,0,0,0,0,1,0,0,0.460578704
Yvonne Moore,10,0.8,22.52,1108.0,6720,113,0.0,0,0,56.0,2,1,0,0,0,0,0,0,1,0,0,0,0,0,1,0.999995238
Kyle Morales,8,0.65,3.94,,960,0,0.0,0,0,8.0,1,0,0,0,0,1,0,1,0,0,1,0,0,0,0,0.971866667
Adam Cunningham,3,0.8,42.27,465.0,9900,54,0.0,0,0,55.0,1,0,1,0,0,0,0,0,1,0,0,0,0,1,0,0.705576584
Yolanda Peterson,10,0.65,3.94,,960,0,0.0,0,0,8.0,1,1,0,0,0,0,0,1,0,0,0,0,1,0,0,0.705916667
Zachary Williams,10,0.7,2.9,,0,960,0.0,0,0,8.0,3,0,1,0,0,0,1,0,0,1,0,0,0,0,0,0.477291667
Christopher Thomas,3,0.8,22.52,1283.0,6720,88,0.0,0,0,56.0,2,0,1,0,0,0,0,0,1,0,0,1,0,0,0,0.900129762
Edward Trujillo,2,0.7,22.94,1510.0,10620,60,0.0,0,0,57.0,1,0,0,0,1,0,0,0,1,0,0,0,1,0,0,0.8003027909999999
Gerald Morris,9,0.75,29.12,1282.0,6960,45,0.0,0,0,58.0,2,1,0,0,0,0,0,0,1,0,0,1,0,0,0,0.7505931029999999
Kristine Stewart,3,0.75,3.94,,1800,0,0.0,0,0,10.0,1,0,0,0,1,0,0,1,0,1,0,0,0,0,0,1.059621212
Danielle Guerrero,3,0.8,29.4,1169.0,6840,63,0.0,0,0,57.0,3,1,0,0,0,0,0,0,1,0,0,0,0,0,1,0.800333333
Melissa Gilbert,12,0.8,2.9,,1440,0,0.0,0,0,8.0,1,0,0,1,0,0,0,1,0,1,0,0,0,0,0,0.793844697
Jacob Boyer,11,0.6,2.9,,1200,0,0.0,0,0,10.0,2,0,0,1,0,0,1,0,0,0,0,1,0,0,0,0.715333333
Bethany Lopez,4,0.35,30.1,287.0,6060,23,150.0,15,0,55.5,2,1,0,0,0,0,0,0,1,0,0,0,0,0,1,0.350706422
Kurt Ramirez,11,0.6,2.9,,960,0,0.0,0,0,8.0,1,0,0,0,0,1,0,1,0,0,0,0,1,0,0,0.864583333
Nicholas Campbell,9,0.7,2.9,,1800,0,0.0,0,0,15.0,2,0,0,0,1,0,1,0,0,0,0,0,0,1,0,0.726933333
Gabrielle Lee MD,8,0.8,2.9,,1440,0,0.0,0,0,8.0,1,0,1,0,0,0,0,1,0,0,1,0,0,0,0,0.628882576
Amy Hart,8,0.8,25.9,562.0,7470,38,0.0,0,0,56.5,1,0,0,1,0,0,0,0,1,0,0,0,0,0,1,0.800436542
Jonathon Wade,10,0.8,28.08,1082.0,10530,63,0.0,0,0,58.5,1,0,1,0,0,0,0,0,1,0,1,0,0,0,0,0.8
George Harper,6,0.75,18.79,670.0,3960,34,0.0,0,0,33.0,2,0,1,0,0,0,0,0,1,0,0,1,0,0,0,0.75065101
Makayla Edwards,3,0.8,22.52,1271.0,5400,50,0.0,0,0,57.0,2,0,1,0,0,0,0,0,1,1,0,0,0,0,0,0.800161172
Allen Rubio,3,0.8,4.6,,6300,0,0.0,0,0,15.0,2,0,0,0,1,0,1,0,0,0,0,0,1,0,0,0.921703704
Dennis Lopez,1,0.7,26.82,1267.0,8160,70,0.0,0,0,58.0,3,1,0,0,0,0,0,0,1,0,1,0,0,0,0,0.850045
Amy Howard,3,0.8,4.6,,2400,0,0.0,0,0,20.0,2,0,0,0,1,0,1,0,0,0,0,0,0,0,1,0.900833333
Christian Dorsey,5,0.75,30.1,788.0,7380,56,0.0,0,0,59.5,2,0,1,0,0,0,0,0,1,0,0,0,0,0,1,0.750406233
William Dawson,1,0.8,22.52,1532.0,6900,88,0.0,0,0,57.5,2,1,0,0,0,0,0,0,1,0,0,0,0,0,1,0.900147246
Paige Richard,10,0.8,3.94,,960,0,0.0,0,0,8.0,2,1,0,0,0,0,1,0,0,0,0,0,1,0,0,0.7715833329999999
Erika Price,1,0.7,26.66,1562.0,6960,60,0.0,0,0,58.0,3,1,0,0,0,0,0,0,1,0,0,0,0,1,0,0.8005660920000001
Mitchell Richardson,8,0.7,24.26,154.0,6840,0,0.0,0,0,57.0,2,0,1,0,0,0,0,0,1,0,0,1,0,0,0,0.353259649
Michelle Odom,11,0.8,11.41,560.0,3420,50,0.0,0,0,58.0,3,0,1,0,0,0,0,0,1,0,0,0,0,0,1,0.800034503
Todd Romero,10,0.35,22.4,715.0,10170,23,0.0,0,0,56.5,1,0,1,0,0,0,0,0,1,0,0,0,0,1,0,0.35020649
Derek Taylor,10,0.8,3.94,,1440,0,0.0,0,0,8.0,1,0,1,0,0,0,0,1,0,0,0,1,0,0,0,0.828295455
Jessica Harrison,1,0.75,26.82,1322.0,7080,45,0.0,0,0,59.0,3,0,1,0,0,0,0,0,1,0,0,0,0,0,1,0.750050847
Dana Martin,10,0.8,3.94,,1440,0,0.0,0,0,8.0,1,0,0,1,0,0,0,1,0,0,1,0,0,0,0,0.974621212
Patricia Moore,4,0.8,4.3,,1200,0,0.0,0,0,10.0,1,0,0,0,0,1,0,1,0,0,0,0,1,0,0,0.989
Wesley Harmon,2,0.7,30.33,398.0,6960,0,0.0,0,1,58.0,2,0,0,0,1,0,0,0,1,0,0,0,1,0,0,0.66237931
Jay Thompson,1,0.8,22.52,1397.0,0,138,0.0,0,0,57.0,2,0,1,0,0,0,0,0,1,0,0,0,1,0,0,1.100483918
Lisa Roberts,6,0.35,22.53,1450.0,2640,0,0.0,0,1,39.0,3,1,0,0,0,0,0,0,1,0,0,0,1,0,0,0.26369382
John Robinson II,9,0.8,4.15,,960,0,0.0,0,0,8.0,1,1,0,0,0,0,0,1,0,0,1,0,0,0,0,0.956270833
William Smith,7,0.7,24.26,1639.0,6720,0,0.0,0,0,56.0,2,1,0,0,0,0,0,0,1,0,0,0,0,1,0,0.541517857
Richard Lee,12,0.8,4.08,,1080,0,0.0,0,0,9.0,2,0,0,1,0,0,1,0,0,1,0,0,0,0,0,0.8915555559999999
Ryan Mcdowell,10,0.8,22.52,10.0,6000,0,0.0,0,0,50.0,2,0,1,0,0,0,0,0,1,0,0,0,1,0,0,0.441392
Brent Martinez MD,7,0.8,25.9,1012.0,10170,45,0.0,0,0,56.5,1,0,1,0,0,0,0,0,1,0,0,1,0,0,0,0.850136766
Patrick Allen,5,0.8,4.6,,7560,0,0.0,0,0,18.0,2,0,0,0,1,0,1,0,0,0,0,0,1,0,0,0.921604938
Kelly Nunez,8,0.7,30.1,824.0,5160,0,0.0,0,1,60.0,2,0,1,0,0,0,0,0,1,0,1,0,0,0,0,0.700206125
Jason Larson,11,0.7,4.15,,2700,0,0.0,0,0,9.0,1,0,0,1,0,0,0,1,0,0,0,0,0,0,1,0.470769231
John Reynolds DVM,3,0.8,22.52,11.0,6840,0,0.0,0,1,57.0,2,0,1,0,0,0,0,0,1,0,0,0,0,0,1,0.536901754
Sonya Myers,4,0.8,3.94,,6600,0,0.0,0,0,20.0,1,1,0,0,0,0,0,1,0,0,0,1,0,0,0,0.8616790120000001
Andrew Sanchez,7,0.65,3.9,,960,0,0.0,0,0,8.0,3,0,1,0,0,0,1,0,0,0,0,0,0,0,1,0.625625
James Small,4,0.7,4.15,,1800,0,0.0,0,0,15.0,2,0,1,0,0,0,1,0,0,0,0,0,0,1,0,0.7967555559999999
Karen Cunningham,12,0.8,15.26,1053.0,4080,50,0.0,0,0,34.0,2,0,0,0,1,0,0,0,1,0,0,0,0,0,1,0.8004019609999999
Jennifer Zimmerman,10,0.8,3.94,,1200,0,0.0,0,0,10.0,2,1,0,0,0,0,0,1,0,1,0,0,0,0,0,0.85695
Trevor Hurley,4,0.75,22.52,867.0,10260,94,0.0,0,0,57.0,1,0,0,0,1,0,0,0,1,0,0,1,0,0,0,0.9003211059999999
Miguel Guerra,4,0.6,30.1,486.0,6780,30,0.0,0,1,57.0,2,1,0,0,0,0,0,0,1,0,1,0,0,0,0,0.600224189
Diane Gallagher MD,11,0.75,42.97,1282.0,10260,56,0.0,0,0,57.0,1,0,0,0,1,0,0,0,1,0,1,0,0,0,0,0.7500412009999999
Krista Banks,9,0.8,3.94,,1800,0,0.0,0,0,10.0,1,0,0,1,0,0,0,1,0,0,1,0,0,0,0,0.82680303
John Sharp,4,0.8,30.1,323.0,4080,50,0.0,0,1,59.0,2,0,0,0,1,0,0,0,1,0,0,0,0,0,1,0.800808642
Michelle Warren,11,0.75,11.61,635.0,3360,45,0.0,0,0,57.0,2,0,0,0,1,0,0,0,1,0,0,0,0,0,1,0.750503571
Amy Miller,8,0.8,25.9,1083.0,10170,38,0.0,0,0,56.5,1,1,0,0,0,0,0,0,1,0,0,0,0,1,0,0.800128721
Daniel Mitchell,12,0.8,4.6,,1080,0,0.0,0,0,9.0,3,1,0,0,0,0,1,0,0,0,1,0,0,0,0,0.868888889
Ms. Cynthia Anderson,1,0.8,3.94,,1440,0,0.0,0,0,8.0,1,0,1,0,0,0,0,1,0,0,0,0,0,0,1,0.891723485
Michael Stephens,5,0.8,30.1,276.0,600,63,3.5,15,0,59.5,2,0,0,1,0,0,0,0,1,0,0,0,1,0,0,0.7999828529999999
Michael Morales,9,0.75,18.79,841.0,6240,45,0.0,0,1,52.0,2,0,0,0,1,0,0,0,1,0,1,0,0,0,0,0.750395513
Nicole Evans,9,0.75,18.79,1206.0,6240,34,0.0,0,0,52.0,3,1,0,0,0,0,0,0,1,0,0,0,0,0,1,0.750395513
Brandy Gilbert,2,0.65,30.33,841.0,6840,0,0.0,0,1,57.0,2,0,0,1,0,0,0,0,1,0,0,0,1,0,0,0.585315789
Jessica Richard,5,0.7,27.48,573.0,6840,30,0.0,0,0,57.0,3,1,0,0,0,0,0,0,1,0,0,0,0,1,0,0.7006596490000001
Eric Salazar,6,0.6,23.41,1266.0,2520,23,0.0,0,1,38.0,3,0,1,0,0,0,0,0,1,0,0,1,0,0,0,0.601037091
Tyrone Davis,8,0.7,3.9,,960,0,0.0,0,0,8.0,3,0,1,0,0,0,1,0,0,0,0,0,0,0,1,0.625625
Kevin Hays,6,0.7,23.41,1180.0,4560,30,0.0,0,1,38.0,3,0,1,0,0,0,0,0,1,0,0,0,0,1,0,0.7002464909999999
Jordan Morgan,5,0.7,20.4,1352.0,10260,50,0.0,0,0,57.0,1,0,0,1,0,0,0,0,1,0,0,0,0,1,0,0.7000637959999999
Kristen Jones,4,0.7,26.66,950.0,6960,50,0.0,0,0,58.0,3,1,0,0,0,0,0,0,1,0,0,0,0,1,0,0.750770115
Diane Morgan,7,0.8,2.9,,1440,0,0.0,0,0,8.0,1,0,1,0,0,0,0,1,0,1,0,0,0,0,0,0.648106061
Patricia Murray,10,0.75,3.94,,3420,0,0.0,0,0,19.0,1,0,0,0,1,0,0,1,0,0,0,1,0,0,0,0.955151515
William Johnson,8,0.8,25.9,1026.0,10170,60,0.0,0,0,56.5,1,0,1,0,0,0,0,0,1,0,0,0,1,0,0,0.850136766
Terry Reed,12,0.8,15.26,1069.0,4080,63,0.0,0,0,34.0,3,0,1,0,0,0,0,0,1,0,0,0,0,1,0,0.8004019609999999
Jason Ramirez,6,0.7,18.79,2984.0,3960,30,0.0,0,0,33.0,2,1,0,0,0,0,0,0,1,1,0,0,0,0,0,0.700354545
Carl Brown,1,0.8,3.94,,960,0,0.0,0,0,8.0,1,1,0,0,0,0,0,1,0,0,1,0,0,0,0,0.902916667
Jerry Beasley,2,0.7,30.33,512.0,4560,0,0.0,0,1,58.0,2,0,0,0,1,0,0,0,1,0,1,0,0,0,0,0.7002111109999999
Corey Chavez Jr.,11,0.8,4.15,,1440,0,0.0,0,0,8.0,1,0,1,0,0,0,0,1,0,0,1,0,0,0,0,0.8174242420000001
Tanya Day,2,0.5,15.28,261.0,5520,0,0.0,0,1,46.0,3,1,0,0,0,0,0,0,1,0,0,0,0,0,1,0.4041449279999999
Brittany Hale,8,0.6,30.1,1069.0,4560,30,0.0,0,1,58.0,2,0,1,0,0,0,0,0,1,0,0,0,0,0,1,0.714410494
Rodney Cooper,5,0.7,4.15,,240,0,0.0,0,0,2.0,2,0,1,0,0,0,1,0,0,0,0,0,0,0,1,0.87
Robert Little,1,0.75,26.82,1254.0,6960,65,0.0,0,0,58.0,3,0,1,0,0,0,0,0,1,0,0,1,0,0,0,0.85007069
Kelsey Spence,10,0.7,21.82,1390.0,6000,30,0.0,0,0,50.0,3,1,0,0,0,0,0,0,1,0,0,0,1,0,0,0.700422
Rebecca Juarez,4,0.8,28.08,990.0,10350,50,0.0,0,0,57.5,1,1,0,0,0,0,0,0,1,0,0,0,0,0,1,0.800594466
Stephanie Krueger,7,0.8,2.9,,1440,0,0.0,0,0,8.0,1,0,0,1,0,0,0,1,0,0,0,0,1,0,0,0.689299242
Rebekah Hopkins,12,0.75,15.26,1276.0,1440,45,0.0,0,0,35.0,2,1,0,0,0,0,0,0,1,0,0,1,0,0,0,0.750450658
Kevin Ross,2,0.75,3.94,,1440,0,0.0,0,0,8.0,1,0,0,0,1,0,0,1,0,0,0,1,0,0,0,0.970075758
Jennifer Bryant,9,0.8,26.16,1324.0,10620,75,0.0,0,0,59.0,1,1,0,0,0,0,0,0,1,0,0,0,0,0,1,0.850502311
Mrs. Erica Fuller,7,0.5,3.9,,960,0,0.0,0,0,8.0,3,0,1,0,0,0,1,0,0,0,0,0,0,1,0,0.560625
Christine Hernandez,6,0.8,25.9,1152.0,6720,50,0.0,0,0,56.0,1,1,0,0,0,0,0,0,1,0,1,0,0,0,0,0.800125
Joe Vaughn,10,0.8,22.52,598.0,0,75,0.0,0,0,56.0,2,0,1,0,0,0,0,0,1,0,0,0,0,0,1,0.850364583
Abigail Calderon,5,0.7,26.82,992.0,6960,30,0.0,0,1,58.0,3,0,1,0,0,0,0,0,1,0,0,0,0,0,1,0.700556897
Samuel Parks,7,0.8,2.9,,1440,0,0.0,0,0,8.0,1,0,1,0,0,0,0,1,0,0,0,0,0,0,1,0.837594697
Rachel Mitchell,9,0.8,3.94,,960,0,0.0,0,0,8.0,2,0,1,0,0,0,1,0,0,0,0,0,0,1,0,0.6895
Dana Mcclure,1,0.8,3.94,,1440,0,0.0,0,0,2.0,1,0,1,0,0,0,0,1,0,0,0,0,0,1,0,0.951420455
William Woods,10,0.7,28.08,1202.0,6900,40,0.0,0,0,57.5,1,1,0,0,0,0,0,0,1,0,0,1,0,0,0,0.699965217
Allison Rodriguez,11,0.7,2.9,,960,0,0.0,0,0,8.0,2,0,0,0,1,0,1,0,0,0,0,0,0,1,0,0.5046875
Mr. Kyle Kirk MD,6,0.75,20.2,402.0,3120,45,0.0,0,0,33.0,3,1,0,0,0,0,0,0,1,0,0,0,0,1,0,0.750212553
Luis May,10,0.8,3.94,,1440,0,0.0,0,0,12.0,1,0,0,0,1,0,0,1,0,0,0,0,0,1,0,0.979527778
Derek Roberts,4,0.35,4.3,,3600,0,0.0,0,0,20.0,1,0,0,1,0,0,0,1,0,0,0,0,1,0,0,0.988636364
Mary Meza,5,0.65,20.79,1015.0,7080,81,0.0,0,0,59.0,1,0,0,0,0,1,0,0,1,0,0,0,1,0,0,0.800473729
Sean Franklin,5,0.5,4.15,,1440,0,0.0,0,0,8.0,1,0,1,0,0,0,0,1,0,0,1,0,0,0,0,0.337973485
Ashley Long,12,0.8,15.26,1060.0,4080,63,0.0,0,0,34.0,2,0,0,0,1,0,0,0,1,1,0,0,0,0,0,0.8004019609999999
Tammy Jones,2,0.8,5.13,,3600,0,0.0,0,0,15.0,2,0,0,1,0,0,1,0,0,0,0,0,1,0,0,0.710125
Jessica Good,2,0.7,22.94,1422.0,10500,60,0.0,0,0,57.0,1,0,0,1,0,0,0,0,1,0,0,0,0,0,1,0.800415742
Donald Weaver,7,0.8,3.94,,960,0,0.0,0,0,8.0,1,1,0,0,0,0,0,1,0,0,1,0,0,0,0,0.6253125
Zachary Elliott,2,0.8,3.94,,2160,0,0.0,0,0,18.0,2,1,0,0,0,0,1,0,0,0,0,0,0,0,1,0.966759259
Victoria Jones,2,0.7,16.1,817.0,5520,30,0.0,0,1,45.0,3,0,1,0,0,0,0,0,1,1,0,0,0,0,0,0.700516224
Virginia Cook,8,0.8,2.9,,720,0,0.0,0,0,4.0,1,0,0,0,1,0,0,1,0,0,0,1,0,0,0,0.329545455
Nancy Reese,6,0.8,11.41,1047.0,5580,63,0.0,0,0,31.0,1,0,0,1,0,0,0,0,1,0,0,0,0,1,0,0.8002614859999999
Brandi Horn,8,0.35,4.15,,1440,0,0.0,0,0,12.0,2,0,1,0,0,0,1,0,0,0,0,0,1,0,0,0.755486111
Yolanda Murphy,4,0.8,28.08,925.0,10350,50,0.0,0,0,57.5,1,1,0,0,0,0,0,0,1,0,0,0,0,1,0,0.800594466
Nathan Martin,7,0.7,5.13,,960,0,0.0,0,0,8.0,2,0,0,0,1,0,1,0,0,0,0,1,0,0,0,0.283958333
Dylan Hood,2,0.8,3.94,,1200,0,0.0,0,0,10.0,1,0,0,0,0,1,0,1,0,0,1,0,0,0,0,0.971866667
Andrew Alexander,11,0.8,19.31,678.0,4800,50,0.0,0,0,55.0,1,1,0,0,0,0,0,0,1,1,0,0,0,0,0,0.800250962
Joseph Meadows,2,0.8,3.94,,1800,0,0.0,0,0,10.0,1,0,0,1,0,0,0,1,0,0,1,0,0,0,0,0.980909091
Connie Vaughan,11,0.7,14.89,1863.0,10260,50,0.0,0,0,57.0,1,0,0,0,1,0,0,0,1,0,0,0,1,0,0,0.700170388
Gina Spencer,12,0.8,4.08,,1080,0,0.0,0,0,9.0,2,0,1,0,0,0,1,0,0,0,1,0,0,0,0,0.8008888890000001
Sandra Wade,4,0.8,22.52,1342.0,6780,50,0.0,0,0,56.5,1,0,0,0,1,0,0,0,1,0,0,0,0,0,1,0.800489676
Daniel Yu,11,0.7,14.89,1501.0,10260,50,0.0,0,0,57.0,1,0,0,1,0,0,0,0,1,0,0,0,0,1,0,0.700170388
Greg Tyler,4,0.6,3.94,,960,0,0.0,0,0,8.0,3,1,0,0,0,0,1,0,0,0,0,1,0,0,0,0.673083333
John Reilly,1,0.8,3.94,,1440,0,0.0,0,0,12.0,2,1,0,0,0,0,1,0,0,0,0,0,1,0,0,0.845458333
Taylor Palmer,6,0.8,2.9,,960,0,0.0,0,0,8.0,1,0,0,0,1,0,0,1,0,0,0,0,0,1,0,0.6225
Lisa Ward,3,0.65,22.52,1138.0,10170,35,0.0,0,0,56.5,1,0,0,1,0,0,0,0,1,0,0,1,0,0,0,0.650416734
Christopher Zamora,8,0.35,4.15,,1800,0,0.0,0,0,15.0,2,0,1,0,0,0,1,0,0,1,0,0,0,0,0,0.7071111109999999
David Conley,8,0.8,4.6,,960,0,0.0,0,0,8.0,3,1,0,0,0,0,1,0,0,0,0,0,0,0,1,0.930416667
Derek Miller,8,0.8,25.9,1380.0,3630,50,0.0,0,0,56.5,1,0,0,1,0,0,0,0,1,1,0,0,0,0,0,0.800162602
Dennis Murphy,10,0.75,21.82,1674.0,6000,34,0.0,0,0,50.0,3,0,1,0,0,0,0,0,1,0,0,0,0,0,1,0.7506079999999999
Erin Hall,3,0.7,22.52,1244.0,10260,63,0.0,0,0,57.0,1,0,0,0,1,0,0,0,1,0,0,0,1,0,0,0.750068049
Scott Dudley,10,0.7,22.52,1108.0,10080,63,0.0,0,0,56.0,1,0,0,1,0,0,0,0,1,0,0,0,0,1,0,0.750057359
Courtney Cruz,8,0.35,15.09,1448.0,9360,23,0.0,0,0,52.0,1,0,0,0,1,0,0,0,1,0,1,0,0,0,0,0.34998951
Rebecca Bennett,8,0.75,29.4,792.0,4560,56,0.0,0,2,58.0,2,0,0,0,1,0,0,0,1,0,1,0,0,0,0,0.7504259259999999
Bruce Miller,10,0.8,3.94,,1260,0,0.0,0,0,8.0,1,0,1,0,0,0,0,1,0,0,0,0,0,0,1,0.332359307
Rachel Herrera,6,0.8,25.9,1170.0,1920,50,0.0,0,0,56.0,1,1,0,0,0,0,0,0,1,0,0,0,1,0,0,0.8003819440000001
Brittany Fisher,8,0.6,24.26,1196.0,6600,0,0.0,0,0,55.0,2,1,0,0,0,0,0,0,1,0,0,1,0,0,0,0.466821212
James Hamilton,3,0.7,29.4,1228.0,6960,30,0.0,0,2,58.0,2,0,0,0,1,0,0,0,1,1,0,0,0,0,0,0.7003620690000001
Nicole Peters,8,0.8,4.6,,2640,0,0.0,0,0,22.0,3,1,0,0,0,0,1,0,0,0,0,0,1,0,0,0.980984848
Steven Price,2,0.8,28.08,783.0,10050,63,0.0,0,0,58.5,1,0,1,0,0,0,0,0,1,0,0,0,1,0,0,0.8004972459999999
Jason Olson,8,0.8,25.9,1209.0,10170,60,0.0,0,0,56.5,1,0,1,0,0,0,0,0,1,0,0,1,0,0,0,0.850136766
Katherine Leach,12,0.8,15.26,894.0,4080,50,0.0,0,0,34.0,2,0,1,0,0,0,0,0,1,0,0,0,1,0,0,0.8004019609999999
Jeremy Benson,6,0.8,11.41,411.0,14640,50,0.0,0,0,30.5,1,0,1,0,0,0,0,0,1,0,0,0,1,0,0,0.800024932
Sandra Daniels,4,0.7,23.69,544.0,13800,0,0.0,0,0,60.0,1,1,0,0,0,0,0,0,1,0,1,0,0,0,0,0.700134038
Denise Rose,2,0.8,22.52,1233.0,6900,113,0.0,0,0,57.5,2,0,1,0,0,0,0,0,1,0,0,1,0,0,0,1.000018551
Savannah Robinson,2,0.8,3.94,,1440,0,0.0,0,0,8.0,1,1,0,0,0,0,0,1,0,0,0,0,0,1,0,0.805909091
Matthew Lara,1,0.8,22.94,16882.0,7020,113,0.0,0,0,58.5,2,1,0,0,0,0,0,0,1,1,0,0,0,0,0,1.000602279
Mrs. Nicole Walker,6,0.6,3.94,,1200,0,0.0,0,0,10.0,1,0,0,0,0,1,0,1,0,0,1,0,0,0,0,0.971866667
Jennifer Wilson,3,0.75,22.52,1299.0,6840,119,0.0,0,0,57.0,1,0,0,0,1,0,0,0,1,0,0,0,0,1,0,1.000230409
Christina Salazar,1,0.8,3.94,,1440,0,0.0,0,0,8.0,1,1,0,0,0,0,0,1,0,0,0,0,0,1,0,0.936496212
Anthony Mitchell,3,0.8,29.4,797.0,1800,63,0.0,0,0,57.0,3,1,0,0,0,0,0,0,1,0,0,0,1,0,0,0.800534979
Adriana Crawford,3,0.7,30.1,247.0,6960,50,0.0,0,1,58.0,2,0,0,1,0,0,0,0,1,0,0,0,1,0,0,0.700603448
Juan Dominguez,3,0.6,30.1,1361.0,6960,30,0.0,0,1,58.0,2,0,0,1,0,0,0,0,1,0,0,1,0,0,0,0.475718391
Charles Jackson,5,0.6,3.94,,0,2880,0.0,0,0,12.0,3,0,1,0,0,0,1,0,0,1,0,0,0,0,0,0.8643425929999999
David Long,6,0.75,18.79,912.0,3960,45,0.0,0,0,33.0,2,0,0,0,1,0,0,0,1,0,0,0,1,0,0,0.75065101
Jennifer Baker,2,0.8,22.52,674.0,3660,63,0.0,0,0,57.0,2,0,1,0,0,0,0,0,1,0,1,0,0,0,0,0.80037492
Joanna Powell,3,0.65,30.1,1263.0,600,63,0.0,0,1,58.0,2,0,0,1,0,0,0,0,1,1,0,0,0,0,0,0.802243319
Sean Watson,4,0.75,4.3,,6000,0,0.0,0,0,20.0,1,0,0,1,0,0,0,1,0,0,0,0,0,0,1,0.978525641
Susan Baxter,4,0.75,4.15,,2400,0,0.0,0,0,20.0,2,0,1,0,0,0,1,0,0,0,1,0,0,0,0,0.902916667
Tonya Mills,11,0.75,10.05,677.0,3240,45,0.0,0,0,27.0,2,1,0,0,0,0,0,0,1,0,1,0,0,0,0,0.750027778
Crystal Allen,11,0.7,14.89,1484.0,10260,50,0.0,0,0,57.0,1,0,0,1,0,0,0,0,1,1,0,0,0,0,0,0.700170388
Pedro Joyce,9,0.8,29.12,609.0,3240,50,0.0,0,0,58.0,2,0,1,0,0,0,0,0,1,0,0,0,0,0,1,0.8001441440000001
Julia Bell,8,0.75,29.4,622.0,6240,56,0.0,0,0,57.0,3,1,0,0,0,0,0,0,1,0,0,1,0,0,0,0.75075
John Shaffer,1,0.5,22.94,1492.0,10170,30,0.0,0,0,56.5,1,0,0,1,0,0,0,0,1,1,0,0,0,0,0,0.549969429
Kyle Dillon,12,0.8,11.61,896.0,5670,50,0.0,0,0,31.5,1,0,1,0,0,0,0,0,1,0,0,1,0,0,0,0.8002467529999999
Melissa Zhang,4,0.7,22.52,930.0,10260,63,0.0,0,0,57.0,1,0,0,1,0,0,0,0,1,1,0,0,0,0,0,0.750068049
Tricia Carlson,7,0.8,2.9,,1440,0,0.0,0,0,8.0,1,0,1,0,0,0,0,1,0,0,0,0,0,1,0,0.670075758
Richard Oconnor,7,0.8,48.84,624.0,10170,50,0.0,0,0,56.5,1,0,0,1,0,0,0,0,1,0,0,1,0,0,0,0.800128721
Frank Robertson,9,0.8,3.94,,2400,0,0.0,0,0,8.0,1,0,0,1,0,0,0,1,0,0,0,0,0,0,1,0.827147436
Nancy Underwood,4,0.8,4.3,,1440,0,0.0,0,0,12.0,1,0,0,0,1,0,0,1,0,0,0,0,0,1,0,0.940625
Dustin Newman,6,0.8,2.9,,1440,0,0.0,0,0,12.0,2,0,0,1,0,0,1,0,0,0,0,0,0,0,1,0.936861111
Jill Smith,3,0.8,22.52,1112.0,6840,100,0.0,0,0,57.0,2,1,0,0,0,0,0,0,1,0,0,0,0,1,0,0.950185965
Jeffrey Davis,1,0.7,26.82,1772.0,6960,50,0.0,0,0,58.0,3,1,0,0,0,0,0,0,1,0,0,0,0,0,1,0.750651724
Michelle Nguyen,5,0.65,20.79,1141.0,8460,0,0.0,0,0,59.0,1,0,1,0,0,0,0,0,1,1,0,0,0,0,0,0.650040783
Dr. David Hunter,1,0.8,22.52,1485.0,6900,113,0.0,0,0,57.5,2,1,0,0,0,0,0,0,1,0,0,0,1,0,0,1.000018551
Connor Kim,1,0.8,26.16,1383.0,10620,75,0.0,0,0,59.0,1,0,1,0,0,0,0,0,1,0,0,1,0,0,0,0.850502311
Tiffany Morris,9,0.8,3.94,,960,0,0.0,0,0,8.0,2,0,1,0,0,0,1,0,0,1,0,0,0,0,0,0.697708333
Bethany White,9,0.75,29.12,8992.0,6960,55,0.0,0,0,58.0,2,1,0,0,0,0,0,0,1,1,0,0,0,0,0,0.7999632179999999
Diane Gilmore,4,0.8,28.08,660.0,10440,63,0.0,0,0,58.0,1,0,1,0,0,0,0,0,1,0,1,0,0,0,0,0.8010282129999999
Jeremy Wallace,4,0.8,4.3,,1440,0,0.0,0,0,12.0,2,1,0,0,0,0,0,1,0,1,0,0,0,0,0,0.8092361109999999
Kathleen Ward,5,0.8,30.1,680.0,7140,0,0.0,0,0,59.0,2,0,0,1,0,0,0,0,1,0,0,0,0,1,0,0.653431373
Marie Davis,2,0.7,3.9,,1200,0,0.0,0,0,10.0,3,1,0,0,0,0,1,0,0,1,0,0,0,0,0,0.92885
Sara Hernandez,2,0.8,22.52,1397.0,6840,113,0.0,0,0,57.0,1,0,0,0,0,1,0,0,1,0,1,0,0,0,0,1.000230409
Stacie Lyons,6,0.75,18.79,52.0,3960,0,0.0,0,0,33.0,3,1,0,0,0,0,0,0,1,0,0,0,0,0,1,0.332146465
Sharon Jefferson,2,0.75,22.94,1636.0,10530,81,0.0,0,0,58.5,1,0,0,0,1,0,0,0,1,0,0,1,0,0,0,0.850223776
Charles Villarreal,7,0.8,25.9,970.0,10170,60,0.0,0,0,56.5,1,0,1,0,0,0,0,0,1,0,1,0,0,0,0,0.850136766
Christopher Nichols,3,0.75,3.94,,1620,0,0.0,0,0,9.0,1,0,0,0,1,0,0,1,0,0,0,1,0,0,0,0.961784512
Daniel Oneal,5,0.65,26.82,1001.0,7080,26,0.0,0,1,59.0,3,0,1,0,0,0,0,0,1,0,0,0,0,1,0,0.6500440679999999
Veronica Lane,1,0.5,3.94,,3360,0,0.0,0,0,8.0,2,0,0,0,1,0,1,0,0,0,0,0,1,0,0,0.768847222
Amanda Williams,9,0.6,29.12,925.0,6660,23,0.0,0,0,58.0,1,0,0,0,1,0,0,0,1,0,1,0,0,0,0,0.600125217
Jodi Sparks,2,0.75,22.94,1764.0,10260,55,0.0,0,0,57.0,1,0,0,0,1,0,0,0,1,1,0,0,0,0,0,0.800034024
James Duncan,10,0.8,3.94,,1200,0,0.0,0,0,10.0,1,0,0,0,1,0,0,1,0,0,0,0,0,0,1,0.840533333
Elizabeth Thompson,6,0.75,2.9,,960,0,0.0,0,0,8.0,2,1,0,0,0,0,1,0,0,0,1,0,0,0,0,0.845833333
Christopher Sosa,7,0.8,2.9,,1440,0,0.0,0,0,8.0,1,0,0,1,0,0,0,1,0,0,1,0,0,0,0,0.661837121
Michael Bell,11,0.75,4.15,,1800,0,0.0,0,0,10.0,1,0,0,0,1,0,0,1,0,0,1,0,0,0,0,0.8960227270000001
Joshua Barnes,10,0.8,22.52,21540.0,6720,88,0.0,0,0,56.0,2,1,0,0,0,0,0,0,1,1,0,0,0,0,0,0.900129762
Lisa Thomas,5,0.7,4.15,,240,0,0.0,0,0,2.0,2,0,1,0,0,0,1,0,0,0,0,0,1,0,0,0.58
Henry Gentry,6,0.8,11.41,1028.0,4380,50,0.0,0,0,31.0,1,0,0,1,0,0,0,0,1,1,0,0,0,0,0,0.800358775
Amy Gonzalez,10,0.8,28.08,762.0,10530,38,0.0,0,0,58.5,1,0,1,0,0,0,0,0,1,0,0,1,0,0,0,0.8
Krista Thompson,1,0.6,3.94,,3360,0,0.0,0,0,8.0,3,1,0,0,0,0,1,0,0,0,0,1,0,0,0,0.448722222
Steven Owens,1,0.8,22.52,1416.0,6840,113,0.0,0,0,57.0,2,0,1,0,0,0,0,0,1,0,1,0,0,0,0,1.000230409
Sandra Jones,2,0.8,3.94,,1440,0,0.0,0,0,8.0,1,0,1,0,0,0,0,1,0,0,0,0,0,1,0,0.805909091
Brittany Glass,4,0.7,26.82,1117.0,7080,50,0.0,0,0,59.0,3,1,0,0,0,0,0,0,1,0,0,0,1,0,0,0.750050847
Crystal Fletcher,7,0.6,22.52,1859.0,10260,23,0.0,0,0,57.0,1,0,0,0,1,0,0,0,1,0,0,0,1,0,0,0.60041361
Brian Morton MD,12,0.8,4.6,,3780,0,0.0,0,0,9.0,3,1,0,0,0,0,1,0,0,0,0,0,0,1,0,0.636049383
Patricia Singh,7,0.8,25.9,1255.0,6780,50,0.0,0,0,56.5,1,1,0,0,0,0,0,0,1,1,0,0,0,0,0,0.8006843659999999
Christopher Graves,10,0.7,19.68,1119.0,5640,0,8.0,35,1,47.0,2,0,0,1,0,0,0,0,1,0,0,0,0,0,1,0.303574468
Kara Brewer,7,0.8,2.9,,1440,0,0.0,0,0,8.0,1,0,0,1,0,0,0,1,0,0,0,1,0,0,0,0.692045455
Ronald Torres,11,0.35,14.61,838.0,7200,23,0.0,0,0,55.0,1,0,1,0,0,0,0,0,1,0,0,0,0,0,1,0.35003125
Kyle Reeves,8,0.7,4.15,,3000,0,0.0,0,0,25.0,2,1,0,0,0,0,1,0,0,0,0,0,0,0,1,0.915766667
Richard Dudley,10,0.75,28.08,1144.0,10530,69,0.0,0,0,58.5,1,1,0,0,0,0,0,0,1,0,0,0,0,0,1,0.8
Glenn Miller,2,0.8,3.94,,2160,0,0.0,0,0,18.0,2,0,1,0,0,0,1,0,0,0,0,0,0,0,1,0.912037037
Ronnie Roth DVM,1,0.8,3.94,,2160,0,0.0,0,0,8.0,1,0,1,0,0,0,0,1,0,0,1,0,0,0,0,0.985
David Hughes,4,0.75,30.1,912.0,7020,0,0.0,0,1,58.0,2,0,0,1,0,0,0,0,1,1,0,0,0,0,0,0.750356125
Margaret Davidson,9,0.5,29.12,970.0,10440,30,0.0,0,0,58.0,1,0,0,0,1,0,0,0,1,0,0,0,1,0,0,0.500547544
Sarah Ortiz,2,0.7,3.9,,960,0,0.0,0,0,8.0,2,0,0,0,1,0,1,0,0,0,0,0,0,1,0,0.325
Nancy Osborne,1,0.8,26.16,1092.0,10620,63,0.0,0,0,59.0,1,0,1,0,0,0,0,0,1,0,0,0,0,0,1,0.8001171029999999
Joshua Stephens,1,0.75,3.94,,960,0,0.0,0,0,8.0,3,0,1,0,0,0,1,0,0,0,0,1,0,0,0,0.890604167
Timothy Woods,2,0.7,30.33,254.0,1800,0,0.0,0,0,58.0,3,1,0,0,0,0,0,0,1,0,0,1,0,0,0,0.683550607
Wendy Osborne,12,0.75,15.26,1209.0,4200,45,0.0,0,0,35.0,1,0,0,0,0,1,0,0,1,0,1,0,0,0,0,0.750646667
Todd Maxwell,6,0.8,30.4,338.0,3840,34,0.0,0,0,32.0,1,0,0,0,1,0,0,0,1,0,0,0,0,1,0,0.622828125
Allison Williams,5,0.7,20.79,391.0,10440,0,0.0,0,0,58.0,1,0,0,1,0,0,0,0,1,0,0,0,1,0,0,0.700060345
Brenda Rose,6,0.75,18.79,640.0,2400,0,0.0,0,0,34.0,2,0,1,0,0,0,0,0,1,0,0,0,0,1,0,0.750797009
Sandra Jefferson DVM,1,0.65,22.94,1595.0,10260,34,0.0,0,0,57.0,1,0,0,1,0,0,0,0,1,0,0,0,0,0,1,0.700029771
Brian Lee,1,0.75,3.94,,2280,0,0.0,0,0,19.0,2,1,0,0,0,0,0,1,0,0,0,1,0,0,0,0.950438596
David Lewis,1,0.75,22.94,1579.0,6960,81,0.0,0,0,58.0,1,0,0,0,0,1,0,0,1,0,0,0,1,0,0,0.8503620690000001
Robert Conway,4,0.8,22.52,23122.0,5940,50,0.0,0,0,56.5,2,1,0,0,0,0,0,0,1,1,0,0,0,0,0,0.800393224
Jackson Stevens,1,0.8,49.1,1381.0,10350,24,0.0,0,0,57.5,1,0,0,1,0,0,0,0,1,0,0,1,0,0,0,0.403242161
Erica Martin,5,0.7,41.19,1052.0,10440,21,0.0,0,0,58.0,1,0,0,1,0,0,0,0,1,0,1,0,0,0,0,0.452012539
Joseph Stewart,6,0.8,18.79,656.0,3480,38,0.0,0,0,34.0,2,0,1,0,0,0,0,0,1,0,0,0,0,0,1,0.800947475
Julian Austin,8,0.7,30.1,507.0,5880,40,2.0,10,1,59.0,2,0,0,1,0,0,0,0,1,0,0,1,0,0,0,0.7005730990000001
Larry Warner,6,0.75,18.79,899.0,3960,56,0.0,0,0,33.0,2,0,0,1,0,0,0,0,1,0,0,0,1,0,0,0.75065101
David Chaney,6,0.8,18.79,779.0,3960,0,0.0,0,0,33.0,2,0,1,0,0,0,0,0,1,0,0,0,1,0,0,0.688017677
Courtney Rodriguez,7,0.65,3.94,,2160,0,0.0,0,0,12.0,1,0,0,0,1,0,0,1,0,0,1,0,0,0,0,0.8705808079999999
Brad Cisneros,3,0.8,30.1,756.0,6960,63,0.0,0,1,58.0,3,0,1,0,0,0,0,0,1,0,0,0,0,1,0,0.800071839
Cynthia Wilson,5,0.7,20.79,965.0,7320,0,0.0,0,0,58.0,1,0,1,0,0,0,0,0,1,0,0,0,0,0,1,0.700095563
Cameron Lee,8,0.6,30.48,869.0,6720,0,0.0,0,1,56.0,3,0,1,0,0,0,0,0,1,0,0,1,0,0,0,0.600528571
Carrie Collins,10,0.8,22.52,1127.0,120,88,0.0,0,0,56.0,2,0,1,0,0,0,0,0,1,1,0,0,0,0,0,0.9008
Angela Bender,6,0.75,2.9,,3360,0,0.0,0,0,8.0,2,0,0,0,1,0,1,0,0,0,1,0,0,0,0,0.271875
Mary Mcdonald,1,0.8,22.52,1534.0,6780,88,0.0,0,0,57.0,2,1,0,0,0,0,0,0,1,0,1,0,0,0,0,0.900135693
Michael Dixon,6,0.8,2.9,,960,0,0.0,0,0,8.0,2,0,0,1,0,0,1,0,0,0,0,1,0,0,0,0.604166667
Victoria Park,7,0.75,4.6,,960,0,0.0,0,0,8.0,2,0,0,0,1,0,1,0,0,0,0,0,0,0,1,0.676666667
Angela Lewis,4,0.35,4.3,,2160,0,0.0,0,0,12.0,1,0,1,0,0,0,0,1,0,0,0,0,0,1,0,0.952020202
William Davis,11,0.75,11.41,826.0,2820,0,0.0,0,2,58.0,2,0,0,0,1,0,0,0,1,1,0,0,0,0,0,0.7502939390000001
Jessica Fields,12,0.75,15.26,1436.0,4200,45,0.0,0,0,35.0,1,0,0,0,0,1,0,0,1,0,0,0,1,0,0,0.750646667
Alexandra Hunter,1,0.7,22.94,1745.0,10440,60,0.0,0,0,58.0,1,0,0,0,1,0,0,0,1,1,0,0,0,0,0,0.8000235109999999
Eric Wells,2,0.8,5.13,,4800,0,0.0,0,0,20.0,2,0,0,0,1,0,1,0,0,0,0,1,0,0,0,0.8300625
Christopher Merritt,9,0.8,3.94,,1800,0,0.0,0,0,10.0,1,0,0,1,0,0,0,1,0,0,0,0,0,1,0,0.72830303
Meagan Christian,2,0.75,16.1,971.0,5400,45,0.0,0,1,45.0,3,0,1,0,0,0,0,0,1,0,0,0,0,0,1,0.7501407409999999
Samantha Reed,1,0.75,3.94,,1800,0,0.0,0,0,15.0,1,0,0,0,0,1,0,1,0,0,1,0,0,0,0,0.971866667
Stacy Garcia,3,0.75,19.87,1075.0,7080,45,0.0,0,0,56.0,1,0,1,0,0,0,0,0,1,0,1,0,0,0,0,0.7500983509999999
Amber Frederick,4,0.65,23.69,861.0,7200,0,0.0,0,0,60.0,1,1,0,0,0,0,0,0,1,0,0,0,1,0,0,0.52118
Jill Sims MD,8,0.65,3.9,,0,960,0.0,0,0,8.0,3,0,1,0,0,0,1,0,0,1,0,0,0,0,0,0.2640625
Tiffany Hill,6,0.35,2.9,,1800,0,0.0,0,0,15.0,1,0,0,0,1,0,0,1,0,0,0,0,0,0,1,0.977555556
Joseph Colon,3,0.75,19.87,944.0,6600,45,0.0,0,0,55.0,1,1,0,0,0,0,0,0,1,1,0,0,0,0,0,0.75024303
Lisa Jones,10,0.8,3.94,,1440,0,0.0,0,0,8.0,1,0,1,0,0,0,0,1,0,1,0,0,0,0,0,0.24625
Bonnie Bradley,9,0.75,18.79,895.0,6240,34,0.0,0,0,52.0,3,1,0,0,0,0,0,0,1,0,0,1,0,0,0,0.750395513
Emily Morrison,11,0.75,11.41,834.0,3480,0,0.0,0,2,58.0,2,0,0,0,1,0,0,0,1,0,0,1,0,0,0,0.672140805
Christopher Richardson,10,0.8,50.48,381.0,6930,45,0.0,0,0,58.5,1,0,1,0,0,0,0,0,1,1,0,0,0,0,0,0.688557555
Cole Brown,9,0.8,26.16,1381.0,3660,50,0.0,0,0,59.0,1,0,0,1,0,0,0,0,1,0,0,1,0,0,0,0.8000150090000001
Daniel Higgins,7,0.8,4.6,,4200,0,0.0,0,0,10.0,3,1,0,0,0,0,1,0,0,0,0,0,0,1,0,0.999533333
Laura Sosa,9,0.8,3.94,,1800,0,0.0,0,0,10.0,1,0,0,1,0,0,0,1,0,0,0,1,0,0,0,0.582045455
Gina Marshall,1,0.75,28.08,681.0,6900,45,0.0,0,0,57.5,1,1,0,0,0,0,0,0,1,0,0,0,1,0,0,0.7504278259999999
Brian Sharp,5,0.7,21.98,413.0,9720,40,0.0,0,0,58.0,1,1,0,0,0,0,0,0,1,0,0,0,0,0,1,0.7004808309999999
Collin Pittman,8,0.65,3.9,,960,0,0.0,0,0,8.0,3,0,1,0,0,0,1,0,0,0,0,0,0,1,0,0.560625
Nicholas Tapia,7,0.75,30.1,627.0,6960,0,3.5,20,1,58.0,2,0,0,0,1,0,0,0,1,0,0,1,0,0,0,0.393548851
Debra Walker,10,0.8,22.52,1188.0,6720,90,0.0,0,0,56.0,2,1,0,0,0,0,0,0,1,0,0,0,0,1,0,0.999995238
Garrett Rodriguez,6,0.7,18.79,766.0,2760,30,0.0,0,0,33.0,2,1,0,0,0,0,0,0,1,0,0,0,1,0,0,0.700079032
Jennifer Turner,5,0.7,4.15,,3060,0,0.0,0,0,17.0,1,0,0,0,1,0,0,1,0,0,0,1,0,0,0,0.973796791
Melinda Perkins,9,0.8,26.16,1369.0,10620,63,0.0,0,0,59.0,1,0,0,1,0,0,0,0,1,0,0,0,1,0,0,0.8001171029999999
Stanley Ford,5,0.7,4.15,,2700,0,0.0,0,0,15.0,1,0,0,0,1,0,0,1,0,0,1,0,0,0,0,0.966666667
Robert Contreras,3,0.5,4.15,,960,0,0.0,0,0,8.0,2,0,0,1,0,0,1,0,0,1,0,0,0,0,0,0.864583333
Jamie Merritt,5,0.6,21.98,666.0,6960,23,0.0,0,0,58.0,1,1,0,0,0,0,0,0,1,1,0,0,0,0,0,0.6000287360000001
Tina Gray DDS,10,0.7,21.82,1335.0,6000,30,0.0,0,0,50.0,3,0,1,0,0,0,0,0,1,0,0,1,0,0,0,0.700422
Cynthia Schmidt,12,0.8,11.61,1159.0,2970,50,0.0,0,0,31.5,1,0,1,0,0,0,0,0,1,0,0,0,0,0,1,0.800313433
Allison Lewis,11,0.8,10.05,13.0,3240,34,0.0,0,0,54.0,2,0,1,0,0,0,0,0,1,0,0,0,0,1,0,0.750648148
Marie Lin,11,0.5,11.41,1039.0,2280,0,0.0,0,2,55.0,2,0,1,0,0,0,0,0,1,0,0,0,1,0,0,0.50012336
Kimberly Fernandez,5,0.7,30.1,773.0,7020,40,0.0,0,0,58.0,2,0,1,0,0,0,0,0,1,1,0,0,0,0,0,0.700618234
Sandra Vega,12,0.7,15.26,1462.0,4080,40,0.0,0,0,34.0,1,0,0,0,1,0,0,0,1,0,0,0,0,1,0,0.7001647059999999
Tonya Thompson,9,0.8,26.16,399.0,10620,63,0.0,0,0,59.0,1,0,0,1,0,0,0,0,1,0,0,0,0,1,0,0.8001171029999999
Alexander Morris,1,0.75,3.94,,1920,0,0.0,0,0,8.0,3,0,1,0,0,0,1,0,0,0,0,0,0,0,1,0.812625
Daniel Marshall,9,0.75,3.94,,960,0,0.0,0,0,8.0,2,1,0,0,0,0,0,1,0,1,0,0,0,0,0,0.994270833
Stephen Hall,6,0.75,2.9,,3360,0,0.0,0,0,8.0,3,1,0,0,0,0,1,0,0,0,0,0,0,1,0,0.309333333
Anna Juarez,2,0.7,3.9,,1200,0,0.0,0,0,10.0,3,0,1,0,0,0,1,0,0,0,0,1,0,0,0,0.884
Krystal Bennett,9,0.75,18.79,1096.0,6240,34,0.0,0,0,52.0,3,1,0,0,0,0,0,0,1,0,0,0,0,1,0,0.750395513
Laura Carrillo,11,0.75,10.05,668.0,2520,34,0.0,0,0,26.0,2,1,0,0,0,0,0,0,1,0,0,0,1,0,0,0.7504
Margaret Alvarez,10,0.7,22.52,1206.0,10080,75,0.0,0,0,56.0,1,0,0,1,0,0,0,0,1,0,0,0,0,0,1,0.800020563
Martha Blanchard,1,0.8,3.94,,1440,0,0.0,0,0,8.0,1,0,0,1,0,0,0,1,0,0,1,0,0,0,0,0.8842613640000001
Catherine Lang,6,0.6,18.79,799.0,3960,23,0.0,0,0,33.0,1,0,0,0,0,1,0,0,1,0,1,0,0,0,0,0.600710606
Samuel Peterson,8,0.65,24.26,1435.0,6600,0,0.0,0,0,55.0,2,1,0,0,0,0,0,0,1,1,0,0,0,0,0,0.260978788
James Parker,12,0.8,15.26,1079.0,3720,38,0.0,0,0,34.0,2,0,0,1,0,0,0,0,1,1,0,0,0,0,0,0.800312375
David Sawyer,8,0.6,3.9,,960,0,0.0,0,0,8.0,3,0,1,0,0,0,1,0,0,0,0,1,0,0,0,0.4509375
Matthew Dillon,3,0.8,5.13,,2160,0,0.0,0,0,18.0,2,0,0,0,1,0,1,0,0,1,0,0,0,0,0,0.87115
Michelle Smith,10,0.65,18.22,741.0,0,0,8.0,35,1,49.0,2,0,0,1,0,0,0,0,1,0,0,0,0,1,0,0.302117347
Leslie Ruiz,10,0.8,22.52,1268.0,0,88,0.0,0,0,56.0,2,0,1,0,0,0,0,0,1,0,0,0,0,1,0,0.90063244
Ryan Gordon,10,0.7,3.94,,4320,0,0.0,0,0,18.0,1,1,0,0,0,0,0,1,0,0,0,1,0,0,0,0.759228395
Michelle Brewer,12,0.8,4.08,,1080,0,0.0,0,0,9.0,2,1,0,0,0,0,0,1,0,0,0,0,0,0,1,0.687555556
Michelle Lopez,1,0.8,26.16,1073.0,10620,75,0.0,0,0,59.0,1,0,1,0,0,0,0,0,1,0,0,0,0,1,0,0.850502311
Jeffrey Miller,5,0.5,3.94,,960,0,0.0,0,0,8.0,3,0,1,0,0,0,1,0,0,0,0,1,0,0,0,0.857916667
Lauren Branch,11,0.7,25.31,946.0,5760,60,0.0,0,0,54.0,2,1,0,0,0,0,0,0,1,0,0,0,0,1,0,0.7005135659999999
Stephanie Hooper,12,0.8,15.26,961.0,4080,50,0.0,0,0,34.0,3,1,0,0,0,0,0,0,1,0,0,0,0,0,1,0.8004019609999999
Angela James,9,0.8,3.94,,2400,0,0.0,0,0,10.0,2,0,0,0,1,0,1,0,0,0,0,1,0,0,0,0.753525
Zachary Lane,7,0.8,30.1,644.0,840,38,0.0,0,1,59.0,2,0,0,0,1,0,0,0,1,0,1,0,0,0,0,0.7999828529999999
Alexander Gibson,5,0.65,4.15,,1440,0,0.0,0,0,8.0,1,0,1,0,0,0,0,1,0,0,0,0,0,1,0,0.8213541670000001
Charles Bruce,11,0.7,11.41,685.0,3360,30,0.0,0,2,56.0,2,0,0,1,0,0,0,0,1,0,0,0,0,0,1,0.8211125
Daniel Murphy,6,0.8,11.41,887.0,5490,50,0.0,0,0,30.5,1,0,1,0,0,0,0,0,1,0,0,1,0,0,0,0.8003437659999999
Charlotte Pope,7,0.8,2.9,,960,0,0.0,0,0,8.0,1,1,0,0,0,0,0,1,0,0,0,1,0,0,0,0.667604167
Kristina Andrade,12,0.6,15.26,1245.0,6360,23,0.0,0,0,34.0,1,0,0,1,0,0,0,0,1,0,0,0,0,0,1,0.60017284
Jennifer Garcia,3,0.75,4.15,,1440,0,0.0,0,0,8.0,1,0,1,0,0,0,0,1,0,0,0,1,0,0,0,0.93532197
Meghan Bradford,1,0.8,22.52,1500.0,6900,113,0.0,0,0,57.5,2,1,0,0,0,0,0,0,1,0,0,0,0,1,0,1.000018551
Tasha Smith,2,0.8,4.15,,960,0,0.0,0,0,8.0,1,1,0,0,0,0,0,1,0,0,1,0,0,0,0,0.782447917
Richard Hatfield,6,0.8,11.61,910.0,4470,38,0.0,0,0,31.5,1,1,0,0,0,0,0,0,1,0,0,0,0,1,0,0.80007657
Donna Evans,12,0.8,4.08,,1080,0,0.0,0,0,9.0,2,0,1,0,0,0,1,0,0,1,0,0,0,0,0,0.272
Valerie Davis,8,0.35,30.1,901.0,6960,0,0.0,0,1,58.0,2,0,1,0,0,0,0,0,1,1,0,0,0,0,0,0.350301724
Krista Anderson,6,0.8,11.61,955.0,6360,63,0.0,0,0,32.0,1,0,0,0,1,0,0,0,1,0,0,0,1,0,0,0.8001919890000001
Eric Morton,8,0.7,29.4,1146.0,6840,40,0.0,0,2,57.0,2,0,0,0,1,0,0,0,1,0,0,1,0,0,0,0.700614035
Alexander Horton,12,0.8,15.26,1133.0,4080,38,0.0,0,0,34.0,2,0,0,1,0,0,0,0,1,0,0,0,0,1,0,0.8004019609999999
Gary Moses,4,0.8,28.08,942.0,10530,75,0.0,0,0,58.5,1,0,1,0,0,0,0,0,1,0,0,0,1,0,0,0.8501818179999999
Mrs. Dana Taylor,11,0.8,11.61,632.0,0,50,0.0,0,0,57.0,3,1,0,0,0,0,0,0,1,1,0,0,0,0,0,0.800309211
Richard Harris,1,0.8,26.16,1187.0,10620,75,0.0,0,0,59.0,1,1,0,0,0,0,0,0,1,0,0,0,0,1,0,0.850502311
Tracey Mclaughlin,9,0.75,18.79,1228.0,6240,45,0.0,0,0,52.0,3,1,0,0,0,0,0,0,1,0,0,0,1,0,0,0.750395513
Colin Harmon,8,0.8,2.9,,1440,0,0.0,0,0,8.0,1,0,1,0,0,0,0,1,0,0,0,1,0,0,0,0.653598485
Brian Chase,1,0.65,3.94,,3360,0,0.0,0,0,8.0,3,1,0,0,0,0,1,0,0,1,0,0,0,0,0,0.537919444
George Coffey,7,0.8,2.9,,1440,0,0.0,0,0,8.0,1,0,1,0,0,0,0,1,0,0,0,1,0,0,0,0.590435606
Dale Austin,7,0.65,3.94,,1440,0,0.0,0,0,8.0,1,0,0,0,1,0,0,1,0,1,0,0,0,0,0,0.646306818
Jaime Campbell,1,0.7,22.94,1384.0,12180,63,0.0,0,0,57.0,1,0,0,0,1,0,0,0,1,0,0,0,1,0,0,0.750162367
Daryl Stevens,10,0.75,3.94,,1440,0,0.0,0,0,8.0,1,1,0,0,0,0,0,1,0,0,0,0,0,0,1,0.805909091
Cynthia Munoz,10,0.7,3.94,,1440,0,0.0,0,0,8.0,1,0,0,1,0,0,0,1,0,0,0,1,0,0,0,0.235795455
Melvin Frank,8,0.7,30.48,914.0,6840,30,0.0,0,1,57.0,3,0,1,0,0,0,0,0,1,0,0,0,0,0,1,0.7005052629999999
Patrick Moore,5,0.35,3.94,,2400,0,0.0,0,0,10.0,3,1,0,0,0,0,1,0,0,0,1,0,0,0,0,0.80575
Joy Griffin,12,0.8,4.6,,2160,0,0.0,0,0,9.0,3,0,1,0,0,0,1,0,0,0,0,0,0,0,1,0.922839506
Annette Adams,11,0.7,20.55,9792.0,6480,60,0.0,0,0,54.0,2,1,0,0,0,0,0,0,1,1,0,0,0,0,0,0.700398148
Rodney Smith,10,0.75,2.9,,960,0,0.0,0,0,8.0,3,0,1,0,0,0,1,0,0,0,0,0,0,0,1,0.6283333329999999
John Diaz,9,0.8,2.9,,960,0,0.0,0,0,8.0,2,0,0,0,1,0,1,0,0,1,0,0,0,0,0,0.3715625
Katie Phillips,3,0.5,5.13,,1800,0,0.0,0,0,15.0,2,0,0,0,1,0,1,0,0,0,0,1,0,0,0,0.8721
Christopher Thompson Jr.,3,0.8,19.87,857.0,9900,50,0.0,0,0,55.0,1,0,1,0,0,0,0,0,1,0,0,0,1,0,0,0.8002738290000001
Joshua Soto,2,0.4,15.28,157.0,5400,0,6.5,30,1,45.0,3,1,0,0,0,0,0,0,1,0,0,0,0,1,0,0.30277037
Shannon Robinson,12,0.8,4.08,,1080,0,0.0,0,0,9.0,2,0,1,0,0,0,1,0,0,0,0,1,0,0,0,0.8915555559999999
Christopher Stewart,10,0.8,3.94,,2400,0,0.0,0,0,20.0,2,0,0,0,1,0,1,0,0,1,0,0,0,0,0,0.955791667
Angela Joseph,4,0.75,3.94,,960,0,0.0,0,0,8.0,3,0,1,0,0,0,1,0,0,0,0,0,0,1,0,0.881575
Brittney Ferguson,8,0.8,2.9,,1440,0,0.0,0,0,8.0,1,0,1,0,0,0,0,1,0,0,0,0,0,0,1,0.667329545
Ruben Bowen,4,0.8,30.1,901.0,6480,50,0.0,0,1,59.0,2,0,0,0,1,0,0,0,1,0,0,0,0,1,0,0.800071839
Beth Hughes,1,0.6,22.53,708.0,5040,0,0.0,0,1,42.0,2,0,0,0,1,0,0,0,1,0,0,0,0,1,0,0.268214286
Diane Buckley,4,0.7,22.52,983.0,10260,63,0.0,0,0,57.0,1,0,0,1,0,0,0,0,1,0,0,0,0,1,0,0.750068049
Monica Morgan,12,0.8,15.26,1064.0,4080,63,0.0,0,0,34.0,3,0,1,0,0,0,0,0,1,0,0,1,0,0,0,0.8004019609999999
Amanda Owen,5,0.7,27.48,541.0,6960,24,0.0,0,1,58.0,3,1,0,0,0,0,0,0,1,0,1,0,0,0,0,0.408960345
David Rivera,3,0.75,22.52,1584.0,10260,69,0.0,0,0,57.0,1,0,0,0,1,0,0,0,1,1,0,0,0,0,0,0.80035194
Michael Blake,3,0.8,3.94,,960,0,0.0,0,0,8.0,1,0,0,0,0,1,0,1,0,0,0,0,1,0,0,0.4925
William Porter,5,0.6,20.79,1045.0,6960,88,0.0,0,0,58.0,1,0,0,0,1,0,0,0,1,0,0,0,0,0,1,0.800534483
Anna Chan,2,0.8,51.02,1086.0,4260,27,0.0,0,0,57.0,1,0,1,0,0,0,0,0,1,0,0,0,0,0,1,0.311207464
Adam Robinson,5,0.65,4.15,,1440,0,0.0,0,0,8.0,1,0,1,0,0,0,0,1,0,1,0,0,0,0,0,0.809564394
Samantha Jackson,12,0.6,4.08,,5400,0,0.0,0,0,9.0,1,0,0,0,1,0,0,1,0,0,0,0,1,0,0,0.327407407
James Scott,6,0.8,2.9,,960,0,0.0,0,0,8.0,2,0,0,0,1,0,1,0,0,1,0,0,0,0,0,0.3715625
Donald Wilcox,2,0.7,3.9,,0,1200,0.0,0,0,10.0,3,0,1,0,0,0,1,0,0,1,0,0,0,0,0,0.6825
John Brown,7,0.7,24.26,1471.0,6960,0,0.0,0,0,58.0,2,1,0,0,0,0,0,0,1,0,0,0,0,0,1,0.7006120690000001
Holly Hopkins,4,0.5,26.66,556.0,6960,23,0.0,0,2,58.0,2,0,0,0,1,0,0,0,1,0,1,0,0,0,0,0.500258046
Brent Ford,11,0.35,11.41,434.0,3240,0,0.0,0,1,52.0,2,0,1,0,0,0,0,0,1,0,0,0,0,0,1,0.507903226
Stephanie Maldonado,4,0.5,30.1,417.0,6360,23,0.0,0,1,53.0,2,1,0,0,0,0,0,0,1,0,0,0,1,0,0,0.500720126
Juan Carter,2,0.7,16.1,928.0,4800,30,0.0,0,1,45.0,3,0,1,0,0,0,0,0,1,0,0,1,0,0,0,0.700106061
Miss Alexandra Hampton,1,0.7,3.94,,1440,0,0.0,0,0,8.0,1,0,0,0,1,0,0,1,0,0,1,0,0,0,0,0.578314394
Stephen Dunn,6,0.8,2.9,,960,0,0.0,0,0,8.0,2,0,0,1,0,0,1,0,0,1,0,0,0,0,0,0.773333333
Anne Ray,8,0.7,29.4,1079.0,4560,40,0.0,0,2,58.0,2,0,0,0,1,0,0,0,1,0,0,0,0,1,0,0.7005185190000001
Denise Douglas,7,0.75,30.1,739.0,5640,45,0.0,0,1,59.0,2,0,0,0,1,0,0,0,1,0,0,0,0,1,0,0.7507273259999999
Gregory Cordova,8,0.8,2.9,,960,0,0.0,0,0,8.0,1,1,0,0,0,0,0,1,0,0,1,0,0,0,0,0.6283333329999999
Yolanda Chambers,7,0.7,24.26,658.0,6960,0,270.0,45,0,58.0,2,1,0,0,0,0,0,0,1,0,1,0,0,0,0,0.662270115
Gabriel Rhodes,4,0.8,4.3,,1440,0,0.0,0,0,12.0,2,1,0,0,0,0,0,1,0,0,0,0,0,1,0,0.5375
Mckenzie Butler,10,0.75,3.94,,8400,0,0.0,0,0,14.0,1,0,0,0,1,0,0,1,0,0,0,0,1,0,0,0.940701058
Roberto Welch,12,0.75,15.26,1316.0,6120,40,0.0,0,0,34.0,1,0,0,0,1,0,0,0,1,0,1,0,0,0,0,0.750079323
Diana Harper,4,0.65,22.52,872.0,10080,26,0.0,0,0,56.0,1,0,0,1,0,0,0,0,1,0,0,0,1,0,0,0.650130952
Lisa Larson,2,0.8,3.94,,1440,0,0.0,0,0,8.0,1,1,0,0,0,0,0,1,0,0,0,0,0,0,1,0.8133712120000001
Corey Guerra,5,0.7,20.4,1382.0,10440,50,0.0,0,0,58.0,1,0,0,0,1,0,0,0,1,0,1,0,0,0,0,0.7002507840000001
Amanda Ramirez,2,0.5,30.33,838.0,6720,0,0.0,0,1,56.0,2,0,0,1,0,0,0,0,1,0,0,0,0,1,0,0.361071429
Jonathan Davenport,1,0.7,22.94,1472.0,10260,75,0.0,0,0,57.0,1,0,0,0,1,0,0,0,1,0,1,0,0,0,0,0.800643806
Michael Hunt,8,0.7,4.15,,960,0,0.0,0,0,8.0,2,1,0,0,0,0,0,1,0,0,0,0,0,1,0,0.976979167
Jordan Ortiz,7,0.8,2.9,,1440,0,0.0,0,0,8.0,1,0,1,0,0,0,0,1,0,0,1,0,0,0,0,0.670075758
Jessica Griffin,9,0.8,26.16,1227.0,7080,75,0.0,0,0,59.0,1,1,0,0,0,0,0,0,1,1,0,0,0,0,0,0.850569492
Dawn Nixon,11,0.7,4.15,,1440,0,0.0,0,0,12.0,1,1,0,0,0,0,1,0,0,0,0,0,1,0,0,0.436326389
Jessica Henry,2,0.5,22.94,1044.0,9810,23,0.0,0,0,54.5,1,0,0,1,0,0,0,0,1,0,0,0,1,0,0,0.499998888
Dana Patel,2,0.8,3.94,,2640,0,0.0,0,0,22.0,2,1,0,0,0,0,1,0,0,0,0,0,1,0,0,0.999924242
Karen Newman,8,0.65,3.94,,960,0,0.0,0,0,8.0,1,0,0,0,1,0,0,1,0,0,0,0,0,1,0,0.845458333
Kevin Brown,8,0.7,5.13,,960,0,0.0,0,0,8.0,2,0,0,0,1,0,1,0,0,1,0,0,0,0,0,0.930416667
Lindsay Velez,6,0.8,11.61,1181.0,5760,63,0.0,0,0,32.0,1,0,0,0,1,0,0,0,1,0,0,1,0,0,0,0.8003863640000001
Danielle Hill,5,0.6,26.82,919.0,7080,23,0.0,0,1,59.0,3,0,1,0,0,0,0,0,1,1,0,0,0,0,0,0.6000406779999999
Ronald Huber,9,0.75,3.94,,240,0,0.0,0,0,2.0,1,0,0,0,0,1,0,1,0,0,1,0,0,0,0,0.971866667
Theresa Williams,9,0.65,18.79,2120.0,5520,0,0.0,0,1,51.0,2,0,0,1,0,0,0,0,1,0,0,0,0,1,0,0.650134
Melanie Hill,9,0.8,26.16,1232.0,10620,75,0.0,0,0,59.0,1,0,1,0,0,0,0,0,1,0,0,0,0,0,1,0.850502311
April Bates,4,0.75,5.13,,960,0,0.0,0,0,8.0,2,0,0,1,0,0,1,0,0,0,0,0,0,0,1,0.734645833
Timothy Boyd,6,0.8,11.61,1004.0,5670,50,0.0,0,0,31.5,1,0,1,0,0,0,0,0,1,0,0,0,0,1,0,0.8002467529999999
Karina Williams,2,0.65,22.94,1025.0,10170,26,0.0,0,0,56.5,1,0,0,1,0,0,0,0,1,0,0,1,0,0,0,0.6502434970000001
Olivia Baker,2,0.8,28.08,776.0,10350,63,0.0,0,0,57.5,1,1,0,0,0,0,0,0,1,0,0,0,0,0,1,0.800594466
David Williamson,8,0.6,15.09,1519.0,360,23,0.0,0,0,52.0,1,0,0,0,1,0,0,0,1,1,0,0,0,0,0,0.600143365
Sara Mack,11,0.75,10.05,629.0,3240,45,0.0,0,0,27.0,2,0,1,0,0,0,0,0,1,0,0,1,0,0,0,0.750027778
Jeffrey Dean,8,0.8,29.4,30.0,6840,0,0.0,0,0,57.0,3,1,0,0,0,0,0,0,1,0,0,0,0,0,1,0.433263158
Ashley Glover,6,0.8,2.9,,4320,0,0.0,0,0,18.0,2,0,0,1,0,0,1,0,0,0,0,0,1,0,0,0.785864198
Cassandra Garner,1,0.8,3.94,,1200,0,0.0,0,0,10.0,2,1,0,0,0,0,0,1,0,0,0,0,0,1,0,0.99485
James Henderson,2,0.7,22.94,1363.0,10260,50,0.0,0,0,57.0,1,0,0,1,0,0,0,0,1,0,0,0,0,1,0,0.7500318979999999
Jeffrey Johnson,4,0.75,22.52,727.0,10260,94,0.0,0,0,57.0,1,0,0,0,1,0,0,0,1,0,1,0,0,0,0,0.9003211059999999
Natasha Martinez,5,0.65,20.4,1255.0,8280,35,0.0,0,0,58.0,1,0,0,1,0,0,0,0,1,1,0,0,0,0,0,0.650066445
Sara Burke,8,0.65,30.48,953.0,6720,26,0.0,0,1,56.0,3,0,1,0,0,0,0,0,1,1,0,0,0,0,0,0.650421429
Aaron Blackwell,8,0.65,30.1,1193.0,7080,0,0.0,0,1,59.0,2,0,1,0,0,0,0,0,1,0,0,0,1,0,0,0.463403955
Jacob Mcfarland,4,0.75,5.13,,1920,0,0.0,0,0,8.0,2,0,0,1,0,0,1,0,0,0,0,0,1,0,0,0.6840277779999999
Victoria Lang,7,0.75,30.1,553.0,2280,45,0.0,0,1,59.0,2,0,0,1,0,0,0,0,1,0,0,0,0,0,1,0.75053268
Jillian Smith,4,0.6,22.4,816.0,5100,23,0.0,0,0,57.0,1,0,1,0,0,0,0,0,1,0,0,0,0,0,1,0.6003696860000001
Elizabeth Kelley,9,0.8,29.12,1263.0,2160,38,0.0,0,0,58.0,2,0,1,0,0,0,0,0,1,0,0,0,0,1,0,0.8008
Connie Henderson MD,2,0.7,30.33,577.0,2160,30,0.0,0,1,58.0,2,0,0,0,1,0,0,0,1,1,0,0,0,0,0,0.700623
Elizabeth Richards,7,0.5,30.48,1161.0,6600,0,0.0,0,1,55.0,3,0,1,0,0,0,0,0,1,1,0,0,0,0,0,0.5006109089999999
Trevor Rivera,9,0.8,3.94,,960,0,0.0,0,0,8.0,2,0,0,1,0,0,1,0,0,0,0,0,0,1,0,0.586041667
Mr. Tyler Santana,12,0.8,15.26,1120.0,1440,50,0.0,0,0,34.0,2,0,0,1,0,0,0,0,1,0,0,1,0,0,0,0.8008063059999999
Melissa Gonzalez,3,0.7,22.52,1134.0,8460,50,0.0,0,0,57.0,1,0,0,1,0,0,0,0,1,0,0,0,0,1,0,0.750037968
Dr. Laura Brown,8,0.8,2.9,,1440,0,0.0,0,0,8.0,1,0,0,1,0,0,0,1,0,1,0,0,0,0,0,0.683806818
William Allen,5,0.7,27.48,586.0,6960,40,0.0,0,0,58.0,3,1,0,0,0,0,0,0,1,0,0,0,0,0,1,0.7004241379999999
Andre Andrews,1,0.8,3.94,,1440,0,0.0,0,0,8.0,1,0,0,1,0,0,0,1,0,0,0,0,1,0,0,0.8842613640000001
Anna Moore DDS,6,0.75,18.79,1193.0,3960,45,0.0,0,0,33.0,3,1,0,0,0,0,0,0,1,0,0,1,0,0,0,0.75065101
Heather Wood,9,0.8,3.94,,960,0,0.0,0,0,8.0,2,0,1,0,0,0,1,0,0,0,1,0,0,0,0,0.2380416669999999
Keith Rodriguez,11,0.8,11.41,455.0,3420,50,0.0,0,0,56.0,3,1,0,0,0,0,0,0,1,0,0,0,1,0,0,0.8007017540000001
Tammy Dixon,10,0.75,2.9,,960,0,0.0,0,0,8.0,1,1,0,0,0,0,0,1,0,1,0,0,0,0,0,0.763375
Emily Hunt,5,0.75,30.1,664.0,7140,56,0.0,0,0,59.0,2,0,1,0,0,0,0,0,1,0,1,0,0,0,0,0.7503921570000001
Nicole Brewer,2,0.8,3.94,,960,0,0.0,0,0,8.0,1,1,0,0,0,0,0,1,0,1,0,0,0,0,0,0.804416667
Nicole Cantu,11,0.7,4.15,,1440,0,0.0,0,0,8.0,1,0,0,1,0,0,0,1,0,1,0,0,0,0,0,0.409545455
Lindsay Mcdaniel,12,0.8,11.61,1037.0,7200,50,0.0,0,0,32.0,1,1,0,0,0,0,0,0,1,1,0,0,0,0,0,0.8002460109999999
Kristopher Galloway,2,0.7,22.94,1006.0,10170,38,0.0,0,0,56.5,1,0,0,1,0,0,0,0,1,1,0,0,0,0,0,0.750517565
Emily Valenzuela,4,0.7,3.94,,960,0,0.0,0,0,8.0,3,1,0,0,0,0,1,0,0,0,0,0,1,0,0,0.812625
Amy Parker MD,7,0.8,25.9,1035.0,10170,38,0.0,0,0,56.5,1,1,0,0,0,0,0,0,1,0,0,0,0,1,0,0.800128721
Derek Gates,8,0.6,29.4,179.0,0,23,5.0,30,2,58.0,2,0,0,1,0,0,0,0,1,0,0,0,0,1,0,0.600982906
Ronnie Baker,7,0.7,24.26,1400.0,6720,0,0.0,0,0,56.0,2,1,0,0,0,0,0,0,1,0,0,1,0,0,0,0.411553571
Kelly Chen,1,0.8,22.52,1445.0,6840,113,0.0,0,0,57.0,2,0,0,1,0,0,0,0,1,0,0,0,0,1,0,1.000230409
Lauren Alvarez,11,0.8,11.41,471.0,3420,50,0.0,0,0,58.0,3,1,0,0,0,0,0,0,1,0,1,0,0,0,0,0.800034503
Kelly Lane,8,0.8,2.9,,1440,0,0.0,0,0,8.0,1,0,0,1,0,0,0,1,0,0,1,0,0,0,0,0.675568182
Brandi Olson,3,0.8,30.1,735.0,6960,63,0.0,0,1,58.0,3,0,1,0,0,0,0,0,1,0,0,0,0,0,1,0.800071839
Angela Berg,1,0.8,26.16,1160.0,10620,75,0.0,0,0,59.0,1,0,0,1,0,0,0,0,1,0,0,0,1,0,0,0.850502311
Susan Bowen,7,0.7,3.94,,1200,0,0.0,0,0,10.0,1,0,0,0,0,1,0,1,0,0,1,0,0,0,0,0.971866667
Kimberly Rodgers,10,0.8,3.94,,1200,0,0.0,0,0,10.0,1,0,0,0,0,1,0,1,0,0,0,0,1,0,0,0.85695
Dennis Mcdowell,7,0.6,30.1,829.0,3360,23,0.0,0,1,58.0,2,0,1,0,0,0,0,0,1,0,0,0,0,0,1,0.6000705129999999
Bryan Sullivan,6,0.7,23.41,1128.0,4560,40,0.0,0,1,38.0,3,0,1,0,0,0,0,0,1,0,0,0,0,0,1,0.7002464909999999
Brittany Romero,2,0.8,28.08,716.0,10350,50,0.0,0,0,57.5,1,1,0,0,0,0,0,0,1,0,0,0,0,1,0,0.800594466
Jean Mccoy,9,0.8,3.94,,960,0,0.0,0,0,8.0,1,1,0,0,0,0,0,1,0,0,0,1,0,0,0,0.931645833
Darren Hall,3,0.75,29.4,1244.0,6840,45,0.0,0,2,57.0,2,0,0,0,1,0,0,0,1,0,0,0,1,0,0,0.750473684
Maria Andrews,11,0.65,11.41,700.0,2640,23,0.0,0,2,53.0,2,0,0,1,0,0,0,0,1,0,0,1,0,0,0,0.650223718
Tina Smith,1,0.8,22.52,265.0,3840,63,0.0,0,0,57.0,2,0,0,1,0,0,0,0,1,0,0,0,1,0,0,0.8004705129999999
Madeline Knight,6,0.8,2.9,,960,0,0.0,0,0,8.0,2,0,0,0,1,0,1,0,0,0,0,1,0,0,0,0.8319375
Scott Gilmore,2,0.8,22.52,1512.0,0,88,0.0,0,0,57.0,2,0,1,0,0,0,0,0,1,0,0,0,0,1,0,0.8999840579999999
Paige Scott,10,0.7,21.82,1313.0,5040,30,0.0,0,0,51.0,3,1,0,0,0,0,0,0,1,0,0,0,0,1,0,0.699984417
John Morris,11,0.8,4.15,,2700,0,0.0,0,0,15.0,1,1,0,0,0,0,0,1,0,0,0,0,0,1,0,0.888686869
Maria Wilson,7,0.8,30.1,786.0,7080,50,0.0,0,2,59.0,2,0,0,0,1,0,0,0,1,0,0,0,0,0,1,0.8001158190000001
Chad Harris,2,0.8,3.94,,3000,0,0.0,0,0,25.0,2,1,0,0,0,0,1,0,0,0,1,0,0,0,0,1.050666667
Gregory Woods,8,0.7,4.6,,960,0,0.0,0,0,8.0,2,0,0,0,1,0,1,0,0,0,0,0,0,1,0,0.791458333
Denise Benson,6,0.75,18.79,895.0,3960,0,0.0,0,0,33.0,2,0,0,1,0,0,0,0,1,1,0,0,0,0,0,0.75065101
Paula Smith,9,0.6,18.79,2103.0,5400,0,0.0,0,1,54.0,2,0,0,1,0,0,0,0,1,1,0,0,0,0,0,0.329964879
Katie Reyes,2,0.8,28.08,757.0,6900,50,0.0,0,0,57.5,1,1,0,0,0,0,0,0,1,1,0,0,0,0,0,0.800076522
George Maldonado,2,0.7,3.94,,5100,0,0.0,0,0,17.0,1,0,0,1,0,0,0,1,0,0,0,0,0,0,1,0.912202112
Michael Acevedo,7,0.8,30.1,29.0,7080,50,0.0,0,0,59.0,3,1,0,0,0,0,0,0,1,0,0,0,0,1,0,0.8001158190000001
Frank Nelson,10,0.7,21.82,1591.0,3240,0,0.0,0,1,52.0,2,0,0,0,1,0,0,0,1,0,0,0,1,0,0,0.700251773
Daniel Ellis,8,0.8,25.9,1434.0,10170,50,0.0,0,0,56.5,1,0,0,1,0,0,0,0,1,0,0,0,0,1,0,0.800128721
Michael Vazquez,7,0.8,2.9,,1440,0,0.0,0,0,8.0,1,0,1,0,0,0,0,1,0,0,0,0,1,0,0,0.681060606
Cynthia Davis,5,0.7,3.94,,240,0,0.0,0,0,2.0,1,0,0,0,0,1,0,1,0,0,1,0,0,0,0,0.971866667
David Cuevas,4,0.8,28.08,878.0,4260,50,0.0,0,0,55.5,1,1,0,0,0,0,0,0,1,0,0,1,0,0,0,0.800598058
Michelle Robinson,7,0.7,30.1,881.0,7080,0,0.0,0,1,59.0,2,0,0,1,0,0,0,0,1,0,0,1,0,0,0,0.700632768
Mary Daniel,1,0.7,3.94,,1800,0,0.0,0,0,10.0,1,0,0,0,1,0,0,1,0,1,0,0,0,0,0,0.910378788
David Lewis,7,0.7,24.26,2698.0,6720,0,0.0,0,0,56.0,2,1,0,0,0,0,0,0,1,1,0,0,0,0,0,0.295307738
Miranda Rodriguez,1,0.8,3.94,,1440,0,0.0,0,0,8.0,1,1,0,0,0,0,0,1,0,0,0,0,0,0,1,0.951420455
Nicholas Ponce,11,0.8,11.61,347.0,0,50,4.0,20,0,57.0,3,1,0,0,0,0,0,0,1,0,0,1,0,0,0,0.6824330359999999
Michael Martin,6,0.8,18.79,822.0,4080,0,0.0,0,0,34.0,2,0,1,0,0,0,0,0,1,0,1,0,0,0,0,0.557252451
Kyle Kelly,9,0.8,3.94,,1440,0,0.0,0,0,8.0,1,0,1,0,0,0,0,1,0,0,0,1,0,0,0,0.8581439390000001
Angela Camacho,2,0.8,22.52,1186.0,6900,113,0.0,0,0,58.0,2,1,0,0,0,0,0,0,1,0,1,0,0,0,0,1.000018551
Aaron Reynolds,6,0.5,18.79,717.0,3960,23,0.0,0,0,33.0,1,0,0,0,0,1,0,0,1,0,0,0,1,0,0,0.500117677
Leslie Roberts,2,0.8,3.94,,1440,0,0.0,0,0,8.0,1,0,1,0,0,0,0,1,0,0,0,1,0,0,0,0.8208333329999999
Jamie Schwartz,9,0.8,26.16,1196.0,10620,63,0.0,0,0,59.0,1,0,0,1,0,0,0,0,1,1,0,0,0,0,0,0.8001171029999999
Michael Lyons,10,0.7,21.82,1393.0,5640,30,0.0,0,0,52.0,3,1,0,0,0,0,0,0,1,0,0,1,0,0,0,0.700236601
Christopher Pruitt,12,0.8,5.13,,1080,0,0.0,0,0,9.0,2,0,0,1,0,0,1,0,0,0,0,0,0,1,0,0.9025
Mark Mendez,5,0.5,20.79,1455.0,6960,30,0.0,0,0,58.0,1,0,0,0,1,0,0,0,1,0,0,0,0,1,0,0.500035345
Teresa Cowan,3,0.75,4.15,,1800,0,0.0,0,0,10.0,1,1,0,0,0,0,0,1,0,0,0,0,0,1,0,0.899166667
Lauren Dillon,2,0.5,3.9,,960,0,0.0,0,0,8.0,3,1,0,0,0,0,1,0,0,0,0,0,0,0,1,0.5403125
Darryl King,3,0.8,4.15,,1800,0,0.0,0,0,10.0,1,0,1,0,0,0,0,1,0,1,0,0,0,0,0,0.905454545
Arthur Goodman,5,0.7,4.15,,3840,0,0.0,0,0,8.0,1,0,1,0,0,0,0,1,0,0,0,0,1,0,0,0.8213541670000001
Michelle Knapp,12,0.8,4.6,,3780,0,0.0,0,0,9.0,2,0,0,0,1,0,1,0,0,0,1,0,0,0,0,0.590617284
Elizabeth Rogers,11,0.75,42.97,532.0,10260,40,0.0,0,0,57.0,1,0,0,0,1,0,0,0,1,0,0,1,0,0,0,0.59114168
Patricia Foster,6,0.6,2.9,,960,0,0.0,0,0,8.0,3,0,1,0,0,0,1,0,0,0,0,1,0,0,0,0.271875
Andrea Davis,3,0.8,30.1,964.0,5160,50,0.0,0,1,58.0,3,0,1,0,0,0,0,0,1,1,0,0,0,0,0,0.800842424
James Andrews,3,0.5,5.13,,2880,0,0.0,0,0,12.0,2,0,0,1,0,0,1,0,0,0,0,0,1,0,0,0.81640625
Terry Lewis,4,0.7,4.3,,5040,0,0.0,0,0,28.0,1,0,0,1,0,0,0,1,0,1,0,0,0,0,0,0.977272727
Jonathan Casey,12,0.8,15.26,1194.0,1700,62,0.0,0,0,34.0,2,0,0,0,1,0,0,0,1,0,1,0,0,0,0,0.800260821
Valerie Gray,1,0.8,22.52,1374.0,3960,63,0.0,0,0,57.0,2,0,0,1,0,0,0,0,1,0,0,0,0,0,1,0.800279693
Joshua Payne,7,0.8,25.9,1138.0,6720,38,0.0,0,0,56.0,1,1,0,0,0,0,0,0,1,0,1,0,0,0,0,0.800125
Donna Ryan DVM,12,0.8,15.26,12261.0,3600,63,0.0,0,0,35.0,2,1,0,0,0,0,0,0,1,1,0,0,0,0,0,0.8004019609999999
Jessica Durham,1,0.8,28.08,772.0,6300,50,0.0,0,0,56.5,1,1,0,0,0,0,0,0,1,0,1,0,0,0,0,0.800725314
John Campbell,8,0.7,24.26,1363.0,6660,0,0.0,0,0,55.5,2,1,0,0,0,0,0,0,1,0,0,0,0,1,0,0.586465465
Joshua Herman,3,0.75,29.4,1144.0,4440,45,0.0,0,2,57.0,2,0,0,0,1,0,0,0,1,0,1,0,0,0,0,0.750716981
Peter Norman,4,0.6,26.66,692.0,6840,23,0.0,0,0,57.0,3,1,0,0,0,0,0,0,1,0,0,1,0,0,0,0.6002397660000001
Dr. Maria Wood DDS,5,0.8,30.1,541.0,7140,38,0.0,0,0,59.0,2,0,0,0,1,0,0,0,1,1,0,0,0,0,0,0.800137255
Kristina Webb,9,0.75,3.94,,1320,0,0.0,0,0,11.0,2,1,0,0,0,0,0,1,0,0,0,0,0,1,0,0.919954545
Todd Schwartz,5,0.5,27.48,609.0,6840,30,0.0,0,1,57.0,2,0,0,0,1,0,0,0,1,0,1,0,0,0,0,0.550403509
Nicole Griffin,4,0.75,3.94,,0,960,0.0,0,0,8.0,3,0,1,0,0,0,1,0,0,1,0,0,0,0,0,0.7953875
Seth Bond,2,0.75,19.87,944.0,6600,45,0.0,0,0,55.0,1,1,0,0,0,0,0,0,1,0,1,0,0,0,0,0.75024303
Richard Santana,12,0.8,15.26,1094.0,4080,38,0.0,0,0,34.0,2,1,0,0,0,0,0,0,1,0,0,0,0,0,1,0.8004019609999999
Andrew Rice,3,0.7,30.1,1422.0,6960,50,0.0,0,1,58.0,2,0,0,1,0,0,0,0,1,0,0,0,0,1,0,0.700603448
Abigail Smith,12,0.8,11.61,1063.0,5670,50,0.0,0,0,31.5,1,0,1,0,0,0,0,0,1,0,0,0,0,1,0,0.8002467529999999
Dana Spencer,1,0.8,3.94,,1920,0,0.0,0,0,8.0,1,1,0,0,0,0,0,1,0,1,0,0,0,0,0,0.961059028
Aaron Weber,1,0.8,22.94,1582.0,3060,113,0.0,0,0,58.5,2,1,0,0,0,0,0,0,1,0,0,1,0,0,0,1.000402055
Jessica Patrick,1,0.75,3.94,,1200,0,0.0,0,0,10.0,1,0,0,0,0,1,0,1,0,0,0,0,1,0,0,0.853666667
Christina Myers,2,0.8,22.52,1416.0,6840,113,0.0,0,0,57.0,1,0,0,0,0,1,0,0,1,0,0,0,1,0,0,1.000230409
Clifford Robles,2,0.8,22.52,12.0,6900,0,0.0,0,0,57.5,2,0,0,1,0,0,0,0,1,0,0,1,0,0,0,0.432122899
Miranda Phillips,3,0.8,28.08,913.0,6540,50,0.0,0,0,54.5,1,1,0,0,0,0,0,0,1,0,1,0,0,0,0,0.8003229359999999
Christine Miller,7,0.8,2.9,,1440,0,0.0,0,0,8.0,1,1,0,0,0,0,0,1,0,0,0,0,0,0,1,0.804640152
Kathryn Humphrey,2,0.6,3.9,,960,0,0.0,0,0,8.0,3,1,0,0,0,0,1,0,0,0,0,0,1,0,0,0.950625
Zoe Gentry,4,0.8,50.48,562.0,10440,0,0.0,0,0,58.0,1,0,1,0,0,0,0,0,1,0,0,1,0,0,0,0.473134796
Jason Phillips,10,0.75,22.52,1250.0,10080,55,0.0,0,0,56.0,1,0,0,0,1,0,0,0,1,1,0,0,0,0,0,0.800020563
Aaron Harris,7,0.7,4.15,,1440,0,0.0,0,0,12.0,2,0,1,0,0,0,1,0,0,0,0,1,0,0,0,0.928680556
Yvonne Lee,5,0.65,4.15,,1440,0,0.0,0,0,8.0,1,0,0,1,0,0,0,1,0,0,0,0,1,0,0,0.8606534090000001
Jared Jackson,10,0.75,19.31,578.0,6480,45,0.0,0,0,54.0,1,1,0,0,0,0,0,0,1,0,0,0,1,0,0,0.712205247
James Gilbert,6,0.75,18.79,947.0,2880,34,0.0,0,0,33.0,3,1,0,0,0,0,0,0,1,1,0,0,0,0,0,0.750797009
Kristina Poole,3,0.8,3.94,,960,0,0.0,0,0,8.0,1,0,0,0,0,1,0,1,0,0,1,0,0,0,0,0.971866667
Angela Murray,4,0.75,26.82,1104.0,5880,65,0.0,0,0,59.0,3,0,1,0,0,0,0,0,1,0,0,0,0,1,0,0.850084211
Karen Patterson,8,0.7,29.4,1116.0,6240,0,0.0,0,2,57.0,2,0,0,1,0,0,0,0,1,0,0,0,1,0,0,0.7
Brandi Smith,8,0.8,2.9,,960,0,0.0,0,0,8.0,1,1,0,0,0,0,0,1,0,1,0,0,0,0,0,0.6645833329999999
Marissa Rivera,10,0.7,21.25,1583.0,6000,0,0.0,0,1,50.0,2,0,0,0,1,0,0,0,1,1,0,0,0,0,0,0.417916667
Ann Elliott,7,0.8,30.1,834.0,1200,0,4.0,40,0,59.0,3,1,0,0,0,0,0,0,1,0,0,0,1,0,0,0.366053523
Nathan Riddle,10,0.8,22.52,1116.0,6720,93,0.0,0,0,56.0,1,0,0,0,0,1,0,0,1,0,1,0,0,0,0,0.920236905
Thomas Mejia,5,0.35,27.48,413.0,6840,38,0.0,0,1,57.0,2,0,0,0,1,0,0,0,1,0,0,0,1,0,0,0.449964912
Wayne Buck,8,0.65,15.09,976.0,240,23,0.0,0,0,52.0,1,0,0,0,1,0,0,0,1,0,0,0,0,1,0,0.6503071429999999
Carol Norris,2,0.75,3.9,,1920,0,0.0,0,0,8.0,3,0,1,0,0,0,1,0,0,0,0,0,0,0,1,0.8192708329999999
Christopher Cohen,7,0.7,30.1,957.0,7200,0,0.0,0,1,60.0,2,0,1,0,0,0,0,0,1,0,1,0,0,0,0,0.602
Lauren Joseph,12,0.75,15.26,1429.0,3600,45,0.0,0,0,35.0,1,0,0,0,1,0,0,0,1,0,0,0,0,0,1,0.7502833329999999
Tyler Torres,3,0.8,4.6,,0,1440,0.0,0,0,12.0,3,0,1,0,0,0,1,0,0,1,0,0,0,0,0,0.795416667
Michelle Miranda,12,0.7,4.15,,1080,0,0.0,0,0,9.0,1,0,0,0,1,0,0,1,0,0,0,0,0,1,0,0.823555556
Lauren Anderson,2,0.7,30.33,746.0,6840,0,0.0,0,1,57.0,2,0,0,0,1,0,0,0,1,0,0,1,0,0,0,0.7006052629999999
Martha Brown,5,0.8,30.1,450.0,7140,50,0.0,0,0,60.0,2,0,0,0,1,0,0,0,1,0,0,0,0,1,0,0.800137255
Kevin Porter,10,0.8,3.94,,960,0,0.0,0,0,8.0,2,0,0,1,0,0,1,0,0,0,0,0,0,0,1,0.64025
Franklin Peterson,1,0.8,26.16,1138.0,7080,63,0.0,0,0,59.0,1,1,0,0,0,0,0,0,1,1,0,0,0,0,0,0.8003186440000001
Derek Gardner,11,0.35,28.08,749.0,10260,23,0.0,0,0,57.0,1,0,0,0,1,0,0,0,1,1,0,0,0,0,0,0.350066986
Deanna Peterson,11,0.8,31.83,568.0,9900,40,0.0,0,0,55.0,1,1,0,0,0,0,0,0,1,0,0,0,0,0,1,0.412119835
Jennifer Garcia,2,0.7,3.9,,960,0,0.0,0,0,8.0,3,0,1,0,0,0,1,0,0,0,0,0,0,1,0,0.741
Joshua Wright,10,0.8,3.94,,2400,0,0.0,0,0,10.0,2,0,0,1,0,0,1,0,0,0,0,0,1,0,0,0.7332777779999999
Justin Miller,12,0.8,15.26,1103.0,4080,63,0.0,0,0,34.0,2,0,0,0,1,0,0,0,1,0,0,1,0,0,0,0.8004019609999999
John Lawson,6,0.8,11.41,887.0,5490,50,0.0,0,0,30.5,1,0,1,0,0,0,0,0,1,0,1,0,0,0,0,0.8003437659999999
Stephen Vega,6,0.75,2.9,,960,0,0.0,0,0,8.0,2,0,0,0,1,0,1,0,0,0,0,0,0,0,1,0.4108333329999999
Natasha James,5,0.8,30.1,450.0,5700,0,4.5,25,0,60.0,2,0,0,0,1,0,0,0,1,0,0,1,0,0,0,0.307501459
Kathryn Sharp,10,0.7,22.52,1002.0,10080,40,0.0,0,0,56.0,1,0,0,1,0,0,0,0,1,0,0,1,0,0,0,0.7000941559999999
Terry Holloway,5,0.7,4.15,,2400,0,0.0,0,0,8.0,1,0,0,1,0,0,0,1,0,0,0,0,0,0,1,0.758173077
Joseph Williams,10,0.7,21.82,1251.0,6000,30,0.0,0,0,50.0,3,1,0,0,0,0,0,0,1,0,1,0,0,0,0,0.700422
Michael Giles,9,0.75,2.9,,960,0,0.0,0,0,8.0,3,1,0,0,0,0,1,0,0,0,0,0,1,0,0,0.453125
Chris Martin,5,0.7,42.41,724.0,10260,0,0.0,0,0,57.0,1,0,1,0,0,0,0,0,1,0,0,0,1,0,0,0.233705476
Mr. Douglas Davies,11,0.8,11.41,313.0,3420,50,0.0,0,0,58.0,3,0,1,0,0,0,0,0,1,0,0,1,0,0,0,0.800034503
Bryan Price,12,0.8,15.26,959.0,4080,50,0.0,0,0,34.0,3,1,0,0,0,0,0,0,1,0,0,0,1,0,0,0.8004019609999999
Tammy Webb,5,0.8,30.1,461.0,0,0,0.0,0,0,59.0,2,0,0,1,0,0,0,0,1,1,0,0,0,0,0,0.800980392
Wendy Vance,2,0.8,22.52,1557.0,0,90,0.0,0,0,57.5,2,0,1,0,0,0,0,0,1,0,0,0,0,0,1,1.000344928
Samuel Finley,11,0.8,4.15,,1440,0,0.0,0,0,8.0,1,0,1,0,0,0,0,1,0,0,0,0,0,1,0,0.601278409
Mario Cummings,11,0.75,2.9,,5640,0,0.0,0,0,17.0,1,1,0,0,0,0,0,1,0,0,1,0,0,0,0,0.987880435
Raymond Andrews,8,0.65,4.15,,960,0,0.0,0,0,8.0,1,0,0,0,1,0,0,1,0,0,0,0,0,0,1,0.553333333
Angela Benitez,7,0.7,3.94,,1200,0,0.0,0,0,10.0,2,1,0,0,0,0,1,0,0,0,1,0,0,0,0,0.715766667
Daniel Mcfarland,12,0.8,4.6,,1080,0,0.0,0,0,9.0,3,0,1,0,0,0,1,0,0,0,0,0,0,1,0,0.92
Jacqueline Williams,11,0.8,11.41,338.0,3420,50,0.0,0,0,58.0,3,0,1,0,0,0,0,0,1,0,0,0,0,1,0,0.800034503
Shannon Rivera,2,0.65,3.9,,1920,0,0.0,0,0,8.0,3,1,0,0,0,0,1,0,0,0,1,0,0,0,0,0.528125
Carolyn Joseph,1,0.35,26.66,1164.0,6600,23,0.0,0,2,55.0,2,0,0,0,1,0,0,0,1,0,0,0,1,0,0,0.378895152
Joy Ryan,9,0.8,26.16,1093.0,10620,75,0.0,0,0,59.0,1,0,1,0,0,0,0,0,1,1,0,0,0,0,0,0.850502311
Cody Cruz,12,0.8,15.26,1132.0,4080,63,0.0,0,0,34.0,3,0,1,0,0,0,0,0,1,1,0,0,0,0,0,0.8004019609999999
Elizabeth Ross,4,0.8,3.94,,12600,0,0.0,0,0,20.0,1,0,1,0,0,0,0,1,0,0,0,0,1,0,0,0.919905405
Walter Hayes,5,0.7,20.79,1297.0,10440,0,0.0,0,0,58.0,1,0,1,0,0,0,0,0,1,0,0,0,0,1,0,0.526810345
Caitlin Watkins,2,0.8,3.94,,2160,0,0.0,0,0,18.0,2,0,1,0,0,0,1,0,0,1,0,0,0,0,0,1.057962963
Jonathan Gutierrez,9,0.8,3.94,,960,0,0.0,0,0,8.0,2,0,1,0,0,0,1,0,0,0,0,0,1,0,0,0.656666667
Kerry Guerra,5,0.7,30.1,687.0,7500,0,0.0,0,0,59.0,2,1,0,0,0,0,0,0,1,0,1,0,0,0,0,0.545657673
Caitlyn Decker,7,0.8,25.9,1150.0,10170,70,0.0,0,0,56.5,1,0,1,0,0,0,0,0,1,0,0,0,0,0,1,0.900144811
Edward Farley,5,0.75,4.15,,240,0,0.0,0,0,2.0,2,0,0,1,0,0,1,0,0,0,0,1,0,0,0,0.760833333
Brian Harris,12,0.8,15.26,1029.0,2040,50,0.0,0,0,35.0,2,1,0,0,0,0,0,0,1,0,0,0,0,1,0,0.800259023
Robin Sawyer MD,8,0.65,4.15,,960,0,0.0,0,0,8.0,1,0,0,0,0,1,0,1,0,0,0,0,1,0,0,0.877552083
Wanda Scott,12,0.8,4.08,,1080,0,0.0,0,0,9.0,2,1,0,0,0,0,1,0,0,0,1,0,0,0,0,0.899111111
Anthony Moore,9,0.75,18.79,1085.0,6240,56,0.0,0,1,52.0,2,0,0,0,1,0,0,0,1,0,0,0,0,0,1,0.970816667
Walter Pena,8,0.7,30.1,7.0,7080,27,2.0,10,2,59.0,2,0,0,1,0,0,0,0,1,1,0,0,0,0,0,0.621971751
Morgan Colon,9,0.8,3.94,,1440,0,0.0,0,0,8.0,1,1,0,0,0,0,0,1,0,0,0,0,0,1,0,0.8581439390000001
Cheyenne Lopez,12,0.75,4.08,,1080,0,0.0,0,0,9.0,1,0,0,0,0,1,0,1,0,0,0,0,1,0,0,0.6346666670000001
Caleb Hill,7,0.8,4.6,,3360,0,0.0,0,0,8.0,3,1,0,0,0,0,1,0,0,0,0,1,0,0,0,0.350416667
Joseph Fields,10,0.6,22.52,1076.0,10170,23,0.0,0,0,56.5,1,0,0,1,0,0,0,0,1,0,0,0,1,0,0,0.600291767
Cody Walsh,4,0.75,5.13,,960,0,0.0,0,0,8.0,2,0,0,1,0,0,1,0,0,0,0,0,0,1,0,0.656666667
Melissa Stevens,12,0.8,15.26,1065.0,4080,63,0.0,0,0,34.0,2,0,0,0,1,0,0,0,1,0,0,0,1,0,0,0.8004019609999999
Stuart Robinson,4,0.75,4.3,,2160,0,0.0,0,0,12.0,1,0,0,0,1,0,0,1,0,1,0,0,0,0,0,0.963699495
Heather Tucker,5,0.65,4.15,,2700,0,0.0,0,0,15.0,1,0,0,1,0,0,0,1,0,0,1,0,0,0,0,0.98719697
Robert Brown,3,0.5,22.52,1102.0,10170,30,0.0,0,0,56.5,1,0,0,1,0,0,0,0,1,0,0,0,1,0,0,0.660683293
Tammy Parrish,8,0.7,30.48,923.0,6840,30,0.0,0,1,57.0,3,0,1,0,0,0,0,0,1,0,0,0,0,1,0,0.7005052629999999
William Byrd,4,0.75,26.82,1079.0,7020,65,0.0,0,0,58.0,3,0,1,0,0,0,0,0,1,1,0,0,0,0,0,0.850446154
Ryan Ward,12,0.8,15.26,1026.0,2880,63,0.0,0,0,34.0,2,0,1,0,0,0,0,0,1,0,0,1,0,0,0,0.8003552079999999
Deborah Brown,11,0.65,12.52,1004.0,9540,44,0.0,0,0,53.0,1,0,1,0,0,0,0,0,1,1,0,0,0,0,0,0.64998056
Ricardo Sosa,11,0.5,2.9,,960,0,0.0,0,0,8.0,1,0,0,0,1,0,0,1,0,0,0,0,0,0,1,0.259375
Sabrina Holmes,11,0.7,11.41,653.0,3480,30,0.0,0,2,58.0,2,0,0,1,0,0,0,0,1,0,0,0,1,0,0,0.7005404409999999
Tammy Diaz,2,0.8,3.94,,1800,0,0.0,0,0,15.0,1,0,0,0,1,0,0,1,0,0,0,0,0,0,1,0.902222222
Zachary Duffy,1,0.8,3.94,,1440,0,0.0,0,0,8.0,1,0,1,0,0,0,0,1,0,1,0,0,0,0,0,0.955151515
Rachel Wells,8,0.7,4.15,,960,0,0.0,0,0,8.0,2,0,0,1,0,0,1,0,0,0,0,1,0,0,0,0.605208333
Courtney Lewis,8,0.35,4.15,,1440,0,0.0,0,0,12.0,2,0,1,0,0,0,1,0,0,0,0,0,0,0,1,0.994375
Nicole Sosa,1,0.8,3.94,,1200,0,0.0,0,0,10.0,2,0,1,0,0,0,1,0,0,0,0,1,0,0,0,0.893066667
Christina Johnson,12,0.8,4.6,,1800,0,0.0,0,0,15.0,2,0,0,0,1,0,1,0,0,0,0,0,0,0,1,0.8995555559999999
Harry Bryant,4,0.8,4.3,,1440,0,0.0,0,0,12.0,2,1,0,0,0,0,0,1,0,0,0,1,0,0,0,0.8450694440000001
Jeffrey David,7,0.7,30.1,784.0,600,30,0.0,0,1,59.0,2,0,0,1,0,0,0,0,1,1,0,0,0,0,0,0.7004598890000001
Angela Curtis,11,0.75,4.15,,960,0,0.0,0,0,8.0,1,1,0,0,0,0,0,1,0,0,0,1,0,0,0,0.3458333329999999
Daniel Wallace,6,0.8,11.61,1084.0,4950,38,0.0,0,0,31.5,1,0,0,1,0,0,0,0,1,0,0,0,1,0,0,0.80003139
John Bell,9,0.8,3.94,,1800,0,0.0,0,0,10.0,1,0,0,1,0,0,0,1,0,1,0,0,0,0,0,0.964106061
Amanda Reynolds,12,0.8,4.6,,1080,0,0.0,0,0,9.0,3,0,1,0,0,0,1,0,0,0,0,1,0,0,0,0.945555556
Jessica Hanson,2,0.8,22.52,1396.0,6900,113,0.0,0,0,57.5,2,1,0,0,0,0,0,0,1,0,0,1,0,0,0,1.0006713040000002
Marcia Rivera,3,0.75,28.08,795.0,6900,45,0.0,0,0,57.5,1,1,0,0,0,0,0,0,1,0,0,0,1,0,0,0.753683478
Raymond Mays,7,0.65,22.52,1295.0,10170,26,0.0,0,0,56.5,1,0,0,0,1,0,0,0,1,0,1,0,0,0,0,0.650416734
Mitchell Macias,10,0.75,3.94,,1440,0,0.0,0,0,8.0,1,1,0,0,0,0,0,1,0,0,0,0,0,1,0,0.8096401520000001
Jeffrey Leblanc,1,0.6,26.66,1578.0,6840,38,0.0,0,0,57.0,3,1,0,0,0,0,0,0,1,0,0,1,0,0,0,0.700019883
Juan Garcia,9,0.8,3.94,,1440,0,0.0,0,0,8.0,1,0,1,0,0,0,0,1,0,0,0,0,0,1,0,0.8581439390000001
Mark Elliott,2,0.8,3.94,,1440,0,0.0,0,0,8.0,1,0,1,0,0,0,0,1,0,1,0,0,0,0,0,0.880530303
Jaime Gonzalez,4,0.7,3.94,,960,0,0.0,0,0,8.0,3,1,0,0,0,0,1,0,0,0,1,0,0,0,0,0.664875
Matthew Mcclure,4,0.8,22.52,340.0,5460,63,0.0,0,0,56.5,2,1,0,0,0,0,0,0,1,0,0,0,0,1,0,0.800434622
Madison Harris,5,0.7,20.4,1404.0,10440,50,0.0,0,0,58.0,1,0,0,1,0,0,0,0,1,0,0,0,0,0,1,0.750344828
Kevin Martin,6,0.8,2.9,,900,0,0.0,0,0,5.0,1,0,0,1,0,0,0,1,0,0,1,0,0,0,0,0.465757576
Jay Gonzalez,10,0.7,2.9,,960,0,0.0,0,0,8.0,3,0,1,0,0,0,1,0,0,0,0,1,0,0,0,0.441041667
Donald Jones,11,0.8,4.15,,1260,0,0.0,0,0,7.0,1,0,0,1,0,0,0,1,0,0,1,0,0,0,0,0.313852814
Amanda Hernandez,2,0.8,3.94,,1260,0,0.0,0,0,8.0,1,0,1,0,0,0,0,1,0,0,0,0,0,0,1,0.247316017
Jacqueline Ruiz,12,0.8,4.08,,1080,0,0.0,0,0,9.0,2,0,1,0,0,0,1,0,0,0,0,0,1,0,0,0.838666667
Jodi Cole,8,0.75,4.6,,3360,0,0.0,0,0,8.0,3,1,0,0,0,0,1,0,0,0,0,1,0,0,0,0.8136111109999999
Mrs. Stephanie Morrow DVM,4,0.75,4.3,,2160,0,0.0,0,0,12.0,1,0,0,0,1,0,0,1,0,0,1,0,0,0,0,0.651515152
Alejandra Moses,6,0.75,2.9,,960,0,0.0,0,0,8.0,2,0,1,0,0,0,1,0,0,0,0,1,0,0,0,0.610208333
Stephen Ortega,9,0.7,29.12,1170.0,6960,53,0.0,0,0,58.0,1,0,0,0,0,1,0,0,1,0,0,0,1,0,0,0.850170115
Ryan White,10,0.7,21.82,1576.0,6000,30,0.0,0,0,50.0,3,0,1,0,0,0,0,0,1,1,0,0,0,0,0,0.700422
Steven Beard,7,0.8,25.9,1050.0,10170,60,0.0,0,0,56.5,1,0,1,0,0,0,0,0,1,0,0,0,1,0,0,0.850136766
Pamela Thompson,5,0.7,3.94,,1440,0,0.0,0,0,12.0,3,0,1,0,0,0,1,0,0,0,0,0,0,0,1,0.75885
Steven Lewis,1,0.8,3.94,,1440,0,0.0,0,0,12.0,2,0,1,0,0,0,1,0,0,0,1,0,0,0,0,0.7962083329999999
Nicole Kaiser DDS,8,0.5,30.1,1061.0,6960,30,0.0,0,1,58.0,2,0,1,0,0,0,0,0,1,0,0,0,0,1,0,0.393548851
William Price,6,0.8,2.9,,1440,0,0.0,0,0,8.0,1,0,1,0,0,0,0,1,0,0,0,1,0,0,0,0.597348485
Joseph Maldonado,11,0.6,11.41,1039.0,2280,23,0.0,0,2,55.0,2,0,1,0,0,0,0,0,1,0,1,0,0,0,0,0.600447507
Nathaniel Weeks,9,0.8,29.12,1073.0,6960,50,0.0,0,0,58.0,2,0,1,0,0,0,0,0,1,1,0,0,0,0,0,0.7999632179999999
Dr. Cody Smith,2,0.8,22.52,1559.0,6840,90,0.0,0,0,57.0,1,0,0,0,1,0,0,0,1,0,0,0,0,0,1,1.000230409
Shannon Rose,8,0.7,5.13,,960,0,0.0,0,0,8.0,2,0,0,1,0,0,1,0,0,0,0,0,0,0,1,0.58
Lindsey Boyd,3,0.8,19.87,963.0,9900,50,0.0,0,0,55.0,1,1,0,0,0,0,0,0,1,0,0,0,0,1,0,0.8002738290000001
Shannon Gilbert,12,0.7,4.08,,1620,0,0.0,0,0,9.0,1,0,0,0,1,0,0,1,0,1,0,0,0,0,0,0.769292929
Samuel Collins,2,0.8,28.08,737.0,10530,63,0.0,0,0,58.5,1,0,1,0,0,0,0,0,1,1,0,0,0,0,0,0.8
Nicole Chambers,10,0.5,22.4,947.0,3390,23,0.0,0,0,56.5,1,0,1,0,0,0,0,0,1,0,0,0,0,0,1,0.4999803339999999
Sandra Mason,1,0.8,3.94,,1200,0,0.0,0,0,10.0,2,1,0,0,0,0,1,0,0,0,1,0,0,0,0,0.870083333
Michael Hall,10,0.8,3.94,,1200,0,0.0,0,0,10.0,2,1,0,0,0,0,0,1,0,0,0,1,0,0,0,0.8865
Christina Delgado,8,0.8,2.9,,2400,0,0.0,0,0,8.0,1,0,0,1,0,0,0,1,0,0,0,0,0,0,1,0.594871795
Mr. Michael Montgomery Jr.,9,0.8,29.12,909.0,6960,50,0.0,0,0,58.0,2,0,1,0,0,0,0,0,1,0,0,1,0,0,0,0.7999632179999999
Lauren Sullivan,7,0.7,5.13,,960,0,0.0,0,0,8.0,2,0,0,0,1,0,1,0,0,1,0,0,0,0,0,0.3564583329999999
William Williams,1,0.8,22.52,1615.0,6780,88,0.0,0,0,56.5,2,0,1,0,0,0,0,0,1,0,0,1,0,0,0,0.900135693
Derek Mann,1,0.8,3.94,,1200,0,0.0,0,0,10.0,2,0,1,0,0,0,1,0,0,1,0,0,0,0,0,0.962016667
Anthony Ellis,1,0.5,3.94,,3360,0,0.0,0,0,8.0,2,0,0,0,1,0,1,0,0,0,1,0,0,0,0,0.768847222
Blake Perez,8,0.7,38.09,336.0,6240,0,0.0,0,0,52.0,1,0,0,0,1,0,0,0,1,0,0,0,0,0,1,0.4676932689999999
Crystal Cline,4,0.8,3.94,,3600,0,0.0,0,0,20.0,1,0,1,0,0,0,0,1,0,0,0,1,0,0,0,0.925643939
Laura Campbell,2,0.8,3.94,,1440,0,0.0,0,0,8.0,1,0,1,0,0,0,0,1,0,0,1,0,0,0,0,0.8171022729999999
Austin Watson,11,0.75,10.05,103.0,0,45,0.0,0,0,54.0,2,0,1,0,0,0,0,0,1,1,0,0,0,0,0,0.750648148
Tanner Hancock,7,0.6,23.54,958.0,6600,0,0.0,0,0,55.0,1,0,0,0,1,0,0,0,1,0,0,0,0,0,1,0.285333333
Cheyenne Jackson,11,0.8,2.9,,2400,0,0.0,0,0,10.0,3,0,1,0,0,0,1,0,0,0,0,0,0,0,1,0.874027778
Shannon Martin,8,0.8,25.9,1177.0,8970,60,0.0,0,0,56.5,1,0,0,1,0,0,0,0,1,0,0,0,1,0,0,0.8504156279999999
Jessica Branch,4,0.35,4.3,,2700,0,0.0,0,0,8.0,1,0,1,0,0,0,0,1,0,0,0,0,0,0,1,0.908080808
Jason Smith,4,0.8,3.94,,6000,0,0.0,0,0,20.0,1,0,1,0,0,0,0,1,0,0,1,0,0,0,0,0.911589744
Stephanie Martin,4,0.8,22.52,1106.0,6780,60,0.0,0,0,56.5,1,0,0,0,1,0,0,0,1,0,0,0,0,1,0,0.850312684
Zachary Cook,5,0.8,4.6,,7560,0,0.0,0,0,18.0,2,0,0,0,1,0,1,0,0,0,1,0,0,0,0,0.921604938
Jennifer Rogers,6,0.8,11.61,1072.0,5760,50,0.0,0,0,32.0,1,0,0,0,1,0,0,0,1,1,0,0,0,0,0,0.8003863640000001
Jonathan Brennan,11,0.8,11.61,1005.0,7080,50,0.0,0,0,29.5,1,1,0,0,0,0,0,0,1,0,1,0,0,0,0,0.8002372879999999
Eric Morgan,3,0.8,19.87,941.0,9900,0,0.0,0,0,55.0,1,0,1,0,0,0,0,0,1,1,0,0,0,0,0,0.8002738290000001
Ricardo Gay,1,0.75,3.94,,0,960,0.0,0,0,8.0,3,0,1,0,0,0,1,0,0,1,0,0,0,0,0,0.794566667
Patrick Decker,11,0.65,3.94,,600,0,0.0,0,0,5.0,1,0,0,0,0,1,0,1,0,0,1,0,0,0,0,0.971866667
Mary Butler,10,0.75,3.94,,3780,0,0.0,0,0,21.0,1,0,0,0,1,0,0,1,0,1,0,0,0,0,0,0.997792208
Frank Lloyd,7,0.7,24.26,148.0,6960,0,0.0,0,0,58.0,2,0,1,0,0,0,0,0,1,0,0,1,0,0,0,0.3555344829999999
Bailey Mcdaniel,2,0.7,16.1,957.0,5400,40,0.0,0,1,45.0,3,0,1,0,0,0,0,0,1,0,0,0,0,1,0,0.700051852
Maria Simpson,5,0.65,27.48,544.0,6720,34,0.0,0,0,56.0,3,1,0,0,0,0,0,0,1,1,0,0,0,0,0,0.7009035709999999
Dale Soto,6,0.75,2.9,,960,0,0.0,0,0,8.0,2,0,1,0,0,0,1,0,0,0,0,0,0,1,0,0.6283333329999999
Alexis Barnes,6,0.8,11.61,916.0,5760,75,0.0,0,0,89.0,1,0,0,1,0,0,0,0,1,0,0,0,0,0,1,0.850410511
Christopher Martin,1,0.75,22.94,1871.0,6960,55,0.0,0,0,58.0,1,0,0,0,1,0,0,0,1,0,0,0,0,1,0,0.800263218
William Bradshaw,3,0.8,22.52,1063.0,6840,100,0.0,0,0,57.0,2,1,0,0,0,0,0,0,1,0,0,0,1,0,0,0.950185965
Brian Clark,4,0.75,30.1,481.0,7140,0,0.0,0,1,59.0,2,0,1,0,0,0,0,0,1,0,1,0,0,0,0,0.7503921570000001
Anna Smith,9,0.75,18.79,290.0,5040,45,0.0,0,0,52.0,3,0,1,0,0,0,0,0,1,0,0,0,0,0,1,0.750347333
Leah Campos,10,0.8,22.52,1142.0,6720,88,0.0,0,0,56.0,2,1,0,0,0,0,0,0,1,0,1,0,0,0,0,0.900129762
David Campbell,7,0.8,4.6,,6000,0,0.0,0,0,25.0,3,1,0,0,0,0,1,0,0,0,1,0,0,0,0,0.825444444
Courtney Brooks,10,0.7,4.15,,960,0,0.0,0,0,8.0,1,1,0,0,0,0,0,1,0,0,1,0,0,0,0,0.7018125
Sarah Rodriguez,7,0.8,3.94,,960,0,0.0,0,0,8.0,1,1,0,0,0,0,0,1,0,1,0,0,0,0,0,0.676666667
Tracy Fox,3,0.8,4.6,,1800,0,0.0,0,0,15.0,3,1,0,0,0,0,1,0,0,0,0,0,1,0,0,0.810111111
Michael Garcia,2,0.7,30.33,408.0,1680,30,0.0,0,1,59.0,2,0,0,0,1,0,0,0,1,0,0,0,0,1,0,0.700623
Morgan White,9,0.6,3.94,,1440,0,0.0,0,0,8.0,1,0,0,0,1,0,0,1,0,0,1,0,0,0,0,0.261174242
Ricky Santos III,8,0.8,2.9,,1620,0,0.0,0,0,9.0,1,0,0,0,1,0,0,1,0,0,1,0,0,0,0,0.910521886
Nathaniel Cummings,8,0.8,2.9,,1440,0,0.0,0,0,8.0,1,0,0,1,0,0,0,1,0,0,0,0,0,1,0,0.639867424
Tyler Rodriguez,1,0.75,26.82,1322.0,7140,65,0.0,0,0,59.0,3,0,1,0,0,0,0,0,1,1,0,0,0,0,0,0.8504268909999999
Nicole Perez,7,0.65,3.94,,2520,0,0.0,0,0,14.0,1,0,0,0,1,0,0,1,0,0,0,1,0,0,0,0.749188312
Calvin Anderson,5,0.7,50.89,282.0,5880,56,0.0,0,0,59.0,1,0,0,0,0,1,0,0,1,0,1,0,0,0,0,0.656763743
Jacob Woodard,2,0.75,3.94,,1440,0,0.0,0,0,8.0,1,0,0,0,1,0,0,1,0,0,1,0,0,0,0,0.578314394
Renee Rowe,12,0.8,4.08,,1080,0,0.0,0,0,9.0,2,0,1,0,0,0,1,0,0,0,0,0,0,0,1,1.02
Desiree Haas,9,0.75,18.79,1239.0,5640,45,0.0,0,0,52.0,3,0,1,0,0,0,0,0,1,0,0,1,0,0,0,0.750371895
Sergio Morris,6,0.6,2.9,,1200,0,0.0,0,0,10.0,2,1,0,0,0,0,0,1,0,0,0,1,0,0,0,0.314166667
Cheryl Scott,8,0.8,26.16,1108.0,7080,98,0.0,0,0,59.0,1,1,0,0,0,0,0,0,1,0,0,0,1,0,0,0.940725424
Ashley Jackson,9,0.8,3.94,,960,0,0.0,0,0,8.0,2,1,0,0,0,0,1,0,0,0,1,0,0,0,0,0.7715833329999999
Robert Farmer,4,0.35,4.3,,3240,0,0.0,0,0,18.0,1,0,1,0,0,0,0,1,0,1,0,0,0,0,0,0.942213805
Melissa Gill,12,0.8,11.61,548.0,15120,63,0.0,0,0,31.5,1,0,1,0,0,0,0,0,1,0,0,0,1,0,0,0.800107143
Michelle Rasmussen,10,0.7,21.82,1334.0,5760,30,0.0,0,0,53.0,3,1,0,0,0,0,0,0,1,0,0,0,0,0,1,0.700058333
Kyle Pena,11,0.7,27.13,530.0,9540,37,0.0,0,0,53.0,1,0,1,0,0,0,0,0,1,0,0,0,0,1,0,0.582301029
Joseph Hoffman,6,0.8,11.41,1140.0,5490,63,0.0,0,0,30.5,1,0,0,1,0,0,0,0,1,0,0,1,0,0,0,0.8003437659999999
Keith Campbell,1,0.8,3.94,,1200,0,0.0,0,0,10.0,2,1,0,0,0,0,1,0,0,0,0,0,0,0,1,0.929183333
Cheryl Edwards,9,0.75,2.9,,1800,0,0.0,0,0,15.0,3,0,1,0,0,0,1,0,0,0,0,0,0,0,1,0.505888889
Lindsey Baker,2,0.8,22.52,1263.0,6900,100,0.0,0,0,57.5,2,1,0,0,0,0,0,0,1,0,0,0,0,0,1,1.05028058
Debbie Branch DDS,5,0.65,4.15,,1440,0,0.0,0,0,15.0,1,0,1,0,0,0,0,1,0,0,0,0,0,0,1,0.864583333
Michele Valdez,5,0.75,30.1,855.0,7020,45,0.0,0,0,58.0,2,0,1,0,0,0,0,0,1,0,0,0,0,1,0,0.750356125
Brittany Mckenzie,1,0.8,3.94,,1440,0,0.0,0,0,8.0,1,0,1,0,0,0,0,1,0,0,0,0,1,0,0,0.947689394
Sharon Williams,7,0.8,48.84,1040.0,10260,30,0.0,0,0,57.0,1,0,0,1,0,0,0,0,1,1,0,0,0,0,0,0.576460393
Christopher Doyle,9,0.75,2.9,,960,0,0.0,0,0,8.0,2,0,0,0,1,0,1,0,0,0,1,0,0,0,0,0.4078125
Kristen Watson,11,0.75,19.31,513.0,6480,45,0.0,0,0,54.0,1,1,0,0,0,0,0,0,1,0,0,1,0,0,0,0.7503484570000001
Whitney Mills,4,0.7,22.52,882.0,10170,50,0.0,0,0,56.5,1,0,0,1,0,0,0,0,1,0,0,1,0,0,0,0.7005416999999999
Paul Martin,7,0.7,3.94,,960,0,0.0,0,0,8.0,2,1,0,0,0,0,1,0,0,0,0,0,0,0,1,0.779791667
Kelly Foster,7,0.8,30.1,934.0,6960,0,3.5,15,0,58.0,3,1,0,0,0,0,0,0,1,0,0,1,0,0,0,0.579511494
Nichole Bryant,3,0.8,4.6,,1440,0,0.0,0,0,12.0,2,0,0,0,1,0,1,0,0,0,0,0,0,1,0,0.8113888890000001
David Owens,4,0.8,30.1,922.0,5820,63,0.0,0,1,59.0,2,0,0,0,1,0,0,0,1,0,0,1,0,0,0,0.80000295
Steven Harvey,5,0.7,20.4,1480.0,10440,40,0.0,0,0,58.0,1,0,0,0,1,0,0,0,1,0,0,0,1,0,0,0.7002507840000001
Amanda Lee,3,0.8,22.52,1124.0,6840,100,0.0,0,0,57.0,2,1,0,0,0,0,0,0,1,0,0,1,0,0,0,0.950185965
Jon Horton,4,0.8,22.52,1444.0,6900,88,0.0,0,0,57.5,1,0,0,0,0,1,0,0,1,0,0,0,1,0,0,0.9008
Victoria Branch,1,0.8,26.16,1335.0,10620,63,0.0,0,0,59.0,1,0,1,0,0,0,0,0,1,0,1,0,0,0,0,0.8001171029999999
Kevin Fry,8,0.7,4.15,,960,0,0.0,0,0,8.0,2,0,1,0,0,0,1,0,0,0,1,0,0,0,0,0.725625
Morgan Phillips,12,0.8,15.26,1095.0,4080,63,0.0,0,0,34.0,2,0,0,1,0,0,0,0,1,0,0,0,0,0,1,0.8004019609999999
Joseph Stewart,10,0.7,21.25,1531.0,6000,0,0.0,0,1,50.0,2,0,0,0,1,0,0,0,1,0,0,1,0,0,0,0.456875
Joseph Martin,11,0.75,19.31,590.0,9900,45,0.0,0,0,55.0,1,1,0,0,0,0,0,0,1,0,0,0,0,1,0,0.7500578509999999
Laurie Lopez,3,0.7,30.1,1041.0,8160,33,0.0,0,2,58.0,2,0,0,0,1,0,0,0,1,0,0,1,0,0,0,0.6265777779999999
Robert Petersen,2,0.8,22.52,1300.0,6780,113,0.0,0,0,56.5,2,1,0,0,0,0,0,0,1,0,0,0,1,0,0,1.000446018
Victor Moore,3,0.75,3.94,,1440,0,0.0,0,0,8.0,1,0,0,0,1,0,0,1,0,0,1,0,0,0,0,0.895454545
Mr. Charles Walker,6,0.75,18.79,1003.0,3960,45,0.0,0,1,33.0,2,0,0,0,1,0,0,0,1,0,0,0,0,0,1,0.75065101
Melissa Avila,8,0.65,4.15,,960,0,0.0,0,0,8.0,2,1,0,0,0,0,0,1,0,0,0,1,0,0,0,1.0115625
Crystal Gomez,10,0.8,22.52,1175.0,6720,60,0.0,0,0,56.0,1,0,0,0,1,0,0,0,1,0,0,0,0,0,1,0.850532143
Denise Hampton,3,0.8,30.1,1278.0,3360,50,0.0,0,1,57.0,3,0,1,0,0,0,0,0,1,0,0,1,0,0,0,0.8005110679999999
Wayne Schneider,9,0.8,3.94,,960,0,0.0,0,0,8.0,2,0,1,0,0,0,1,0,0,0,0,0,0,0,1,0.54175
Jamie Jimenez,2,0.4,3.9,,6300,0,0.0,0,0,15.0,3,1,0,0,0,0,1,0,0,0,0,0,0,1,0,0.567377778
Jerry Hayes,12,0.8,4.6,,1080,0,0.0,0,0,9.0,3,1,0,0,0,0,1,0,0,0,0,0,0,0,1,0.885925926
Matthew Williams,11,0.5,12.52,749.0,9540,38,0.0,0,0,53.0,1,0,1,0,0,0,0,0,1,0,1,0,0,0,0,0.673245283
Jody Love,2,0.8,5.13,,960,0,0.0,0,0,8.0,2,0,0,0,1,0,1,0,0,1,0,0,0,0,0,0.36871875
Amanda Casey,9,0.8,3.94,,1440,0,0.0,0,0,8.0,1,0,1,0,0,0,0,1,0,0,0,0,0,0,1,0.8581439390000001
Carrie Smith,11,0.8,11.41,601.0,0,50,0.0,0,0,56.0,3,1,0,0,0,0,0,0,1,0,0,0,0,1,0,0.8007017540000001
Sheila Salinas,9,0.7,18.79,1068.0,3000,30,0.0,0,1,52.0,2,0,0,0,1,0,0,0,1,0,0,0,0,1,0,0.700256795
Jesse Wilson,9,0.8,54.56,757.0,4140,29,0.0,0,0,58.0,1,0,0,1,0,0,0,0,1,0,0,0,0,0,1,0.520237649
Ryan Martinez,9,0.75,2.9,,0,3600,0.0,0,0,15.0,3,0,1,0,0,0,1,0,0,1,0,0,0,0,0,0.841
Joshua Patel,10,0.7,21.82,1448.0,6120,40,0.0,0,1,51.0,2,0,0,0,1,0,0,0,1,0,1,0,0,0,0,0.700236601
Rebecca Ford,3,0.75,29.4,1172.0,5340,45,0.0,0,2,60.0,2,0,0,0,1,0,0,0,1,0,0,0,0,1,0,0.7501769909999999
Mark Liu,3,0.8,4.6,,6300,0,0.0,0,0,15.0,3,1,0,0,0,0,1,0,0,0,0,0,0,1,0,0.902962963
Mary Shaw,3,0.75,4.15,,1560,0,0.0,0,0,8.0,1,1,0,0,0,0,0,1,0,0,0,1,0,0,0,0.991388889
Troy Williams,6,0.7,2.9,,720,0,0.0,0,0,6.0,3,0,1,0,0,0,1,0,0,0,0,0,0,0,1,0.394722222
Alexandra Walker,4,0.8,3.94,,3840,0,0.0,0,0,16.0,1,1,0,0,0,0,0,1,0,1,0,0,0,0,0,0.893663194
Gary Wilson,7,0.7,3.94,,1200,0,0.0,0,0,10.0,2,1,0,0,0,0,1,0,0,0,0,0,1,0,0,0.8471
Amy Benson,2,0.8,3.94,,1440,0,0.0,0,0,8.0,1,0,1,0,0,0,0,1,0,0,0,0,1,0,0,0.8357575759999999
Miranda Abbott,3,0.8,22.52,1060.0,6840,100,0.0,0,0,57.0,2,1,0,0,0,0,0,0,1,0,1,0,0,0,0,0.950185965
Ashley Harvey MD,9,0.7,18.79,1587.0,4560,30,0.0,0,1,51.0,2,0,0,1,0,0,0,0,1,0,0,0,0,0,1,0.70009573
Troy Rivera,11,0.8,4.15,,900,0,0.0,0,0,5.0,1,0,1,0,0,0,0,1,0,0,0,0,1,0,0,0.5156060610000001
John Stephenson,10,0.8,3.94,,960,0,0.0,0,0,8.0,2,0,0,0,1,0,1,0,0,0,0,1,0,0,0,0.385791667
Robert Carter,8,0.8,25.9,1233.0,10170,60,0.0,0,0,56.5,1,0,1,0,0,0,0,0,1,1,0,0,0,0,0,0.850136766
Aaron Nelson,11,0.7,14.89,1735.0,10260,50,0.0,0,0,57.0,1,0,0,1,0,0,0,0,1,0,0,0,0,0,1,0.700170388
Kimberly Stewart,11,0.7,11.41,680.0,2160,30,0.0,0,2,54.0,2,0,0,1,0,0,0,0,1,1,0,0,0,0,0,0.5659722220000001
Rodney Mcpherson,4,0.7,4.15,,1800,0,0.0,0,0,15.0,2,0,1,0,0,0,1,0,0,0,0,0,1,0,0,1.096633333
Lisa Terry,9,0.8,29.12,829.0,6960,50,0.0,0,0,58.0,2,1,0,0,0,0,0,0,1,0,1,0,0,0,0,0.7999632179999999
Cheryl Brock,3,0.8,22.52,813.0,0,88,0.0,0,0,57.0,2,0,1,0,0,0,0,0,1,0,0,0,0,1,0,0.90047076
Corey Bailey,10,0.75,22.52,1413.0,10080,69,0.0,0,0,56.0,1,0,0,0,1,0,0,0,1,0,0,1,0,0,0,0.800020563
Andrew Hill,9,0.8,29.12,14.0,6960,0,0.0,0,0,58.0,2,0,1,0,0,0,0,0,1,0,0,0,1,0,0,0.497885057
William Marquez,9,0.75,29.12,1070.0,6960,34,0.0,0,0,58.0,2,1,0,0,0,0,0,0,1,0,0,0,0,1,0,0.7505931029999999
Andrew Allen,4,0.8,30.1,891.0,7140,38,0.0,0,1,59.0,2,0,0,0,1,0,0,0,1,1,0,0,0,0,0,0.800137255
Jacob Meza,10,0.8,22.52,1088.0,6720,88,0.0,0,0,56.0,1,0,0,0,0,1,0,0,1,0,0,0,1,0,0,0.900129762
Daniel Miller DDS,4,0.8,4.3,,1440,0,0.0,0,0,12.0,1,0,0,0,1,0,0,1,0,0,0,0,0,0,1,0.7226388890000001
